0	LABEL_1	HATE	0.09664952754974365
1	LABEL_1	HATE	0.18259364366531372
2	LABEL_1	HATE	0.1385185718536377
3	LABEL_1	HATE	0.24060183763504028
4	LABEL_1	HATE	0.07952815294265747
5	LABEL_1	HATE	0.05120539665222168
6	LABEL_1	HATE	0.03770911693572998
7	LABEL_0	HATE	0.43298906087875366
8	LABEL_1	HATE	0.1809975504875183
9	LABEL_1	HATE	0.25174611806869507
10	LABEL_1	HATE	0.20555728673934937
11	LABEL_1	HATE	0.4508143663406372
12	LABEL_1	HATE	0.08956950902938843
13	LABEL_1	HATE	0.06650292873382568
14	LABEL_1	HATE	0.0975446105003357
15	LABEL_1	HATE	0.06026482582092285
16	LABEL_1	HATE	0.04964876174926758
17	LABEL_1	HATE	0.04109710454940796
18	LABEL_1	HATE	0.021714448928833008
19	LABEL_1	HATE	0.016233205795288086
20	LABEL_1	HATE	0.019180715084075928
21	LABEL_1	HATE	0.07870405912399292
22	LABEL_1	HATE	0.03272604942321777
23	LABEL_1	HATE	0.04941534996032715
24	LABEL_1	HATE	0.024463295936584473
25	LABEL_1	HATE	0.015325427055358887
26	LABEL_1	HATE	0.012252330780029297
27	LABEL_0	HATE	0.48859041929244995
28	LABEL_1	HATE	0.051537513732910156
29	LABEL_1	HATE	0.01617830991744995
30	LABEL_1	HATE	0.02044093608856201
31	LABEL_1	HATE	0.012857437133789062
32	LABEL_1	HATE	0.015050530433654785
33	LABEL_1	HATE	0.006381034851074219
34	LABEL_1	HATE	0.005993366241455078
35	LABEL_0	HATE	0.14094924926757812
36	LABEL_0	HATE	0.1727260947227478
37	LABEL_0	HATE	0.24729692935943604
38	LABEL_0	HATE	0.057253241539001465
39	LABEL_0	HATE	0.3629016876220703
40	LABEL_0	HATE	0.056372880935668945
41	LABEL_0	HATE	0.3389645218849182
42	LABEL_0	HATE	0.04120957851409912
43	LABEL_0	HATE	0.14090538024902344
44	LABEL_0	HATE	0.3278927803039551
45	LABEL_0	HATE	0.2050093412399292
46	LABEL_0	HATE	0.1755571961402893
47	LABEL_0	HATE	0.3032160997390747
48	LABEL_0	HATE	0.36992812156677246
49	LABEL_0	HATE	0.12972813844680786
50	LABEL_0	HATE	0.10485249757766724
51	LABEL_1	HATE	0.45961254835128784
52	LABEL_0	HATE	0.15872585773468018
53	LABEL_0	HATE	0.21581047773361206
54	LABEL_1	HATE	0.42412257194519043
55	LABEL_1	HATE	0.24079328775405884
56	LABEL_0	HATE	0.13869577646255493
57	LABEL_0	HATE	0.06879657506942749
58	LABEL_0	HATE	0.12382489442825317
59	LABEL_0	HATE	0.10503417253494263
60	LABEL_0	HATE	0.2307370901107788
61	LABEL_0	HATE	0.15797299146652222
62	LABEL_0	HATE	0.37742555141448975
63	LABEL_0	HATE	0.44561654329299927
64	LABEL_1	HATE	0.3279653787612915
65	LABEL_1	HATE	0.11626321077346802
66	LABEL_1	HATE	0.32753562927246094
67	LABEL_1	HATE	0.2908850908279419
68	LABEL_1	HATE	0.1201028823852539
69	LABEL_1	HATE	0.33371657133102417
70	LABEL_0	HATE	0.12803810834884644
71	LABEL_1	HATE	0.2269766926765442
72	LABEL_1	HATE	0.2777823805809021
73	LABEL_1	HATE	0.04326808452606201
74	LABEL_1	HATE	0.1923220157623291
75	LABEL_1	HATE	0.07076877355575562
76	LABEL_1	HATE	0.2421761155128479
77	LABEL_1	HATE	0.31320589780807495
78	LABEL_1	HATE	0.28146982192993164
79	LABEL_1	HATE	0.344823956489563
80	LABEL_1	HATE	0.15225327014923096
81	LABEL_1	HATE	0.19473803043365479
82	LABEL_1	HATE	0.10159951448440552
83	LABEL_1	HATE	0.2857264280319214
84	LABEL_1	HATE	0.36955320835113525
85	LABEL_1	HATE	0.04290896654129028
86	LABEL_1	HATE	0.058748841285705566
87	LABEL_1	HATE	0.018895506858825684
88	LABEL_1	HATE	0.08794605731964111
89	LABEL_1	HATE	0.011932611465454102
90	LABEL_1	HATE	0.02046757936477661
91	LABEL_1	HATE	0.05399751663208008
92	LABEL_1	HATE	0.04933124780654907
93	LABEL_1	HATE	0.04508090019226074
94	LABEL_1	HATE	0.017402827739715576
95	LABEL_1	HATE	0.046075284481048584
96	LABEL_1	HATE	0.0077277421951293945
97	LABEL_1	HATE	0.02703911066055298
98	LABEL_0	HATE	0.03552311658859253
99	LABEL_0	HATE	0.024570941925048828
100	LABEL_0	HATE	0.1936119794845581
101	LABEL_0	HATE	0.011360406875610352
102	LABEL_0	HATE	0.03959172964096069
103	LABEL_0	HATE	0.12055748701095581
104	LABEL_0	HATE	0.1974114179611206
105	LABEL_0	HATE	0.07276731729507446
106	LABEL_0	HATE	0.09105253219604492
107	LABEL_0	HATE	0.3722987771034241
108	LABEL_0	HATE	0.009661257266998291
109	LABEL_0	HATE	0.055657267570495605
110	LABEL_0	HATE	0.10312885046005249
111	LABEL_0	HATE	0.16516011953353882
112	LABEL_0	HATE	0.22506219148635864
113	LABEL_0	HATE	0.13482177257537842
114	LABEL_0	HATE	0.21962863206863403
115	LABEL_0	HATE	0.02794504165649414
116	LABEL_0	HATE	0.11343556642532349
117	LABEL_0	HATE	0.28981345891952515
118	LABEL_0	HATE	0.49200236797332764
119	LABEL_0	HATE	0.13780468702316284
120	LABEL_0	HATE	0.33849847316741943
121	LABEL_1	HATE	0.4802742004394531
122	LABEL_0	HATE	0.3626970648765564
123	LABEL_0	HATE	0.44919735193252563
124	LABEL_0	HATE	0.33504319190979004
125	LABEL_1	HATE	0.20592761039733887
126	LABEL_0	HATE	0.11551070213317871
127	LABEL_0	HATE	0.018761157989501953
128	LABEL_0	HATE	0.15944242477416992
129	LABEL_0	HATE	0.033833205699920654
130	LABEL_0	HATE	0.04224395751953125
131	LABEL_0	HATE	0.08955657482147217
132	LABEL_0	HATE	0.21953237056732178
133	LABEL_1	HATE	0.027882516384124756
134	LABEL_1	HATE	0.009243905544281006
135	LABEL_1	HATE	0.008642196655273438
136	LABEL_1	HATE	0.005215585231781006
137	LABEL_1	HATE	0.008959829807281494
138	LABEL_1	HATE	0.005728483200073242
139	LABEL_1	HATE	0.006067335605621338
140	LABEL_1	HATE	0.17307186126708984
141	LABEL_1	HATE	0.06222701072692871
142	LABEL_1	HATE	0.12253624200820923
143	LABEL_1	HATE	0.0449366569519043
144	LABEL_1	HATE	0.1424439549446106
145	LABEL_1	HATE	0.036685824394226074
146	LABEL_1	HATE	0.12728029489517212
147	LABEL_1	HATE	0.19751489162445068
148	LABEL_1	HATE	0.05105483531951904
149	LABEL_1	HATE	0.08394169807434082
150	LABEL_1	HATE	0.04498577117919922
151	LABEL_1	HATE	0.05658864974975586
152	LABEL_1	HATE	0.030289113521575928
153	LABEL_1	HATE	0.1053699254989624
154	LABEL_0	HATE	0.4192959666252136
155	LABEL_1	HATE	0.25475841760635376
156	LABEL_1	HATE	0.2469162940979004
157	LABEL_1	HATE	0.20408546924591064
158	LABEL_1	HATE	0.4268268942832947
159	LABEL_1	HATE	0.11961853504180908
160	LABEL_1	HATE	0.37015581130981445
161	LABEL_0	HATE	0.21602272987365723
162	LABEL_1	HATE	0.36033129692077637
163	LABEL_0	HATE	0.318925678730011
164	LABEL_0	HATE	0.0888625979423523
165	LABEL_0	HATE	0.12549906969070435
166	LABEL_1	HATE	0.4027702212333679
167	LABEL_0	HATE	0.08509355783462524
168	LABEL_1	HATE	0.17826592922210693
169	LABEL_1	HATE	0.19133663177490234
170	LABEL_1	HATE	0.18003058433532715
171	LABEL_1	HATE	0.3626195788383484
172	LABEL_1	HATE	0.16399532556533813
173	LABEL_1	HATE	0.16767793893814087
174	LABEL_1	HATE	0.24005162715911865
175	LABEL_0	HATE	0.18697452545166016
176	LABEL_0	HATE	0.42828434705734253
177	LABEL_0	HATE	0.24735361337661743
178	LABEL_0	HATE	0.13638317584991455
179	LABEL_0	HATE	0.11110049486160278
180	LABEL_0	HATE	0.19281446933746338
181	LABEL_0	HATE	0.3664023280143738
182	LABEL_0	HATE	0.34749478101730347
183	LABEL_0	HATE	0.47427380084991455
184	LABEL_1	HATE	0.17595279216766357
185	LABEL_1	HATE	0.09816485643386841
186	LABEL_0	HATE	0.43212348222732544
187	LABEL_1	HATE	0.18203461170196533
188	LABEL_1	HATE	0.2761070728302002
189	LABEL_1	HATE	0.4681473970413208
190	LABEL_1	HATE	0.48099571466445923
191	LABEL_1	HATE	0.2798619866371155
192	LABEL_1	HATE	0.36595672369003296
193	LABEL_1	HATE	0.246995747089386
194	LABEL_1	HATE	0.14666831493377686
195	LABEL_1	HATE	0.04178565740585327
196	LABEL_0	HATE	0.4342132806777954
197	LABEL_0	HATE	0.16528332233428955
198	LABEL_0	HATE	0.13655215501785278
199	LABEL_0	HATE	0.10739558935165405
200	LABEL_0	HATE	0.08275604248046875
201	LABEL_0	HATE	0.4429500699043274
202	LABEL_0	HATE	0.4679710865020752
203	LABEL_1	HATE	0.16439199447631836
204	LABEL_1	HATE	0.07155132293701172
205	LABEL_1	HATE	0.08561372756958008
206	LABEL_1	HATE	0.038685619831085205
207	LABEL_1	HATE	0.025915861129760742
208	LABEL_1	HATE	0.08516156673431396
209	LABEL_1	HATE	0.1092713475227356
210	LABEL_1	HATE	0.4012877941131592
211	LABEL_1	HATE	0.363603413105011
212	LABEL_1	HATE	0.18500810861587524
213	LABEL_1	HATE	0.48136383295059204
214	LABEL_1	HATE	0.32267212867736816
215	LABEL_1	HATE	0.12259572744369507
216	LABEL_1	HATE	0.16130435466766357
217	LABEL_0	HATE	0.4606980085372925
218	LABEL_0	HATE	0.1932506561279297
219	LABEL_0	HATE	0.20656931400299072
220	LABEL_0	HATE	0.2372608780860901
221	LABEL_1	HATE	0.4287198781967163
222	LABEL_0	HATE	0.37044018507003784
223	LABEL_1	HATE	0.22650110721588135
224	LABEL_0	HATE	0.055127859115600586
225	LABEL_0	HATE	0.004912078380584717
226	LABEL_0	HATE	0.028967857360839844
227	LABEL_0	HATE	0.010112106800079346
228	LABEL_0	HATE	0.00609511137008667
229	LABEL_0	HATE	0.01386868953704834
230	LABEL_0	HATE	0.07192695140838623
231	LABEL_0	HATE	0.3055330514907837
232	LABEL_0	HATE	0.027347862720489502
233	LABEL_0	HATE	0.06447267532348633
234	LABEL_0	HATE	0.04045248031616211
235	LABEL_0	HATE	0.11795580387115479
236	LABEL_0	HATE	0.06427520513534546
237	LABEL_0	HATE	0.35919880867004395
238	LABEL_1	HATE	0.22005224227905273
239	LABEL_1	HATE	0.05773961544036865
240	LABEL_1	HATE	0.08385592699050903
241	LABEL_1	HATE	0.016404032707214355
242	LABEL_1	HATE	0.02657449245452881
243	LABEL_1	HATE	0.004595518112182617
244	LABEL_1	HATE	0.03270775079727173
245	LABEL_0	HATE	0.3564290404319763
246	LABEL_0	HATE	0.016800403594970703
247	LABEL_0	HATE	0.047535717487335205
248	LABEL_0	HATE	0.05671036243438721
249	LABEL_0	HATE	0.05526238679885864
250	LABEL_0	HATE	0.2327694296836853
251	LABEL_0	HATE	0.21526849269866943
252	LABEL_1	HATE	0.11345356702804565
253	LABEL_1	HATE	0.08676832914352417
254	LABEL_1	HATE	0.08758991956710815
255	LABEL_1	HATE	0.09016311168670654
256	LABEL_1	HATE	0.17175889015197754
257	LABEL_1	HATE	0.03916275501251221
258	LABEL_1	HATE	0.07120507955551147
259	LABEL_0	HATE	0.08297288417816162
260	LABEL_0	HATE	0.012513041496276855
261	LABEL_0	HATE	0.033447325229644775
262	LABEL_0	HATE	0.03306150436401367
263	LABEL_0	HATE	0.04259425401687622
264	LABEL_0	HATE	0.06354671716690063
265	LABEL_0	HATE	0.06308358907699585
266	LABEL_1	HATE	0.4580226540565491
267	LABEL_0	HATE	0.46451735496520996
268	LABEL_0	HATE	0.24190109968185425
269	LABEL_0	HATE	0.308088481426239
270	LABEL_0	HATE	0.15824079513549805
271	LABEL_1	HATE	0.21128296852111816
272	LABEL_0	HATE	0.2875813841819763
273	LABEL_1	HATE	0.18220239877700806
274	LABEL_1	HATE	0.14323532581329346
275	LABEL_1	HATE	0.14501339197158813
276	LABEL_1	HATE	0.18228882551193237
277	LABEL_1	HATE	0.18052631616592407
278	LABEL_1	HATE	0.05879557132720947
279	LABEL_1	HATE	0.07215934991836548
280	LABEL_1	HATE	0.09674215316772461
281	LABEL_1	HATE	0.05562150478363037
282	LABEL_1	HATE	0.06871598958969116
283	LABEL_1	HATE	0.03451317548751831
284	LABEL_1	HATE	0.04044121503829956
285	LABEL_1	HATE	0.021304309368133545
286	LABEL_1	HATE	0.09666228294372559
287	LABEL_1	HATE	0.023930013179779053
288	LABEL_1	HATE	0.008964061737060547
289	LABEL_1	HATE	0.011098980903625488
290	LABEL_1	HATE	0.006971180438995361
291	LABEL_1	HATE	0.00967174768447876
292	LABEL_1	HATE	0.0038361549377441406
293	LABEL_1	HATE	0.014722049236297607
294	LABEL_1	HATE	0.16438955068588257
295	LABEL_1	HATE	0.32070136070251465
296	LABEL_1	HATE	0.23644208908081055
297	LABEL_1	HATE	0.13906258344650269
298	LABEL_1	HATE	0.35502147674560547
299	LABEL_1	HATE	0.051012516021728516
300	LABEL_1	HATE	0.11043524742126465
301	LABEL_1	HATE	0.08353835344314575
302	LABEL_1	HATE	0.07318419218063354
303	LABEL_1	HATE	0.10204285383224487
304	LABEL_1	HATE	0.011547386646270752
305	LABEL_1	HATE	0.030961275100708008
306	LABEL_1	HATE	0.010619044303894043
307	LABEL_1	HATE	0.030368030071258545
308	LABEL_0	HATE	0.4008617401123047
309	LABEL_1	HATE	0.2065710425376892
310	LABEL_1	HATE	0.2680431604385376
311	LABEL_1	HATE	0.1966114044189453
312	LABEL_1	HATE	0.16884666681289673
313	LABEL_1	HATE	0.17765533924102783
314	LABEL_0	HATE	0.3642382025718689
315	LABEL_1	HATE	0.047852396965026855
316	LABEL_1	HATE	0.014289438724517822
317	LABEL_1	HATE	0.012606501579284668
318	LABEL_1	HATE	0.012968480587005615
319	LABEL_1	HATE	0.00822073221206665
320	LABEL_1	HATE	0.006507694721221924
321	LABEL_1	HATE	0.024274587631225586
322	LABEL_1	HATE	0.06962591409683228
323	LABEL_1	HATE	0.019680559635162354
324	LABEL_1	HATE	0.01857781410217285
325	LABEL_1	HATE	0.0035631656646728516
326	LABEL_1	HATE	0.009275853633880615
327	LABEL_1	HATE	0.0017540454864501953
328	LABEL_1	HATE	0.008269965648651123
329	LABEL_1	HATE	0.023812472820281982
330	LABEL_1	HATE	0.020080924034118652
331	LABEL_1	HATE	0.00999152660369873
332	LABEL_1	HATE	0.010685205459594727
333	LABEL_1	HATE	0.014986753463745117
334	LABEL_1	HATE	0.0037013888359069824
335	LABEL_1	HATE	0.03314769268035889
336	LABEL_1	HATE	0.10120803117752075
337	LABEL_1	HATE	0.03403979539871216
338	LABEL_1	HATE	0.05995666980743408
339	LABEL_1	HATE	0.07022643089294434
340	LABEL_1	HATE	0.024189233779907227
341	LABEL_1	HATE	0.04653024673461914
342	LABEL_1	HATE	0.0336461067199707
343	LABEL_1	HATE	0.1767529845237732
344	LABEL_1	HATE	0.1334642767906189
345	LABEL_1	HATE	0.1309533715248108
346	LABEL_1	HATE	0.07866203784942627
347	LABEL_1	HATE	0.05995398759841919
348	LABEL_1	HATE	0.03796583414077759
349	LABEL_1	HATE	0.2853699326515198
350	LABEL_1	HATE	0.15730661153793335
351	LABEL_1	HATE	0.11992454528808594
352	LABEL_1	HATE	0.13259971141815186
353	LABEL_1	HATE	0.02524465322494507
354	LABEL_1	HATE	0.1261008381843567
355	LABEL_1	HATE	0.04058229923248291
356	LABEL_1	HATE	0.06197577714920044
357	LABEL_1	HATE	0.19284653663635254
358	LABEL_1	HATE	0.10246741771697998
359	LABEL_1	HATE	0.23003220558166504
360	LABEL_1	HATE	0.19338494539260864
361	LABEL_0	HATE	0.46523863077163696
362	LABEL_1	HATE	0.07558465003967285
363	LABEL_1	HATE	0.3867108225822449
364	LABEL_1	HATE	0.11441045999526978
365	LABEL_1	HATE	0.10789287090301514
366	LABEL_1	HATE	0.07101839780807495
367	LABEL_1	HATE	0.3642727732658386
368	LABEL_1	HATE	0.038084208965301514
369	LABEL_1	HATE	0.07437938451766968
370	LABEL_1	HATE	0.04047161340713501
371	LABEL_1	HATE	0.35631346702575684
372	LABEL_0	HATE	0.3384823799133301
373	LABEL_1	HATE	0.23802030086517334
374	LABEL_1	HATE	0.09912443161010742
375	LABEL_1	HATE	0.12952953577041626
376	LABEL_1	HATE	0.073516845703125
377	LABEL_1	HATE	0.21513491868972778
378	LABEL_1	HATE	0.11268752813339233
379	LABEL_1	HATE	0.04005885124206543
380	LABEL_1	HATE	0.03153115510940552
381	LABEL_1	HATE	0.050566017627716064
382	LABEL_1	HATE	0.06965690851211548
383	LABEL_1	HATE	0.02849787473678589
384	LABEL_1	HATE	0.07770884037017822
385	LABEL_1	HATE	0.07942765951156616
386	LABEL_1	HATE	0.031913161277770996
387	LABEL_1	HATE	0.02449280023574829
388	LABEL_1	HATE	0.026586472988128662
389	LABEL_1	HATE	0.04617112874984741
390	LABEL_1	HATE	0.02912294864654541
391	LABEL_1	HATE	0.05552208423614502
392	LABEL_1	HATE	0.0947641134262085
393	LABEL_1	HATE	0.015568554401397705
394	LABEL_1	HATE	0.01801830530166626
395	LABEL_1	HATE	0.02725529670715332
396	LABEL_1	HATE	0.0157814621925354
397	LABEL_1	HATE	0.00866764783859253
398	LABEL_1	HATE	0.05557370185852051
399	LABEL_1	HATE	0.1772269606590271
400	LABEL_1	HATE	0.03277164697647095
401	LABEL_1	HATE	0.02875310182571411
402	LABEL_1	HATE	0.019114315509796143
403	LABEL_1	HATE	0.00772857666015625
404	LABEL_1	HATE	0.014680862426757812
405	LABEL_1	HATE	0.03692549467086792
406	LABEL_1	HATE	0.02102118730545044
407	LABEL_1	HATE	0.02258014678955078
408	LABEL_1	HATE	0.016135811805725098
409	LABEL_1	HATE	0.01730978488922119
410	LABEL_1	HATE	0.010026931762695312
411	LABEL_1	HATE	0.004810690879821777
412	LABEL_1	HATE	0.025369346141815186
413	LABEL_0	HATE	0.0018014311790466309
414	LABEL_0	HATE	0.014101505279541016
415	LABEL_1	HATE	0.3822036385536194
416	LABEL_0	HATE	0.059291958808898926
417	LABEL_0	HATE	0.06868636608123779
418	LABEL_0	HATE	0.3604145050048828
419	LABEL_0	HATE	0.23506295680999756
420	LABEL_1	HATE	0.1647700071334839
421	LABEL_1	HATE	0.03642302751541138
422	LABEL_1	HATE	0.049505531787872314
423	LABEL_1	HATE	0.0675002932548523
424	LABEL_1	HATE	0.061071038246154785
425	LABEL_1	HATE	0.04017692804336548
426	LABEL_1	HATE	0.14871323108673096
427	LABEL_1	HATE	0.31703275442123413
428	LABEL_1	HATE	0.1780450940132141
429	LABEL_1	HATE	0.07156705856323242
430	LABEL_1	HATE	0.3426018953323364
431	LABEL_1	HATE	0.369826078414917
432	LABEL_1	HATE	0.18612736463546753
433	LABEL_1	HATE	0.42064613103866577
434	LABEL_0	HATE	0.06124371290206909
435	LABEL_0	HATE	0.08807486295700073
436	LABEL_0	HATE	0.12349873781204224
437	LABEL_0	HATE	0.40532582998275757
438	LABEL_0	HATE	0.06521546840667725
439	LABEL_1	HATE	0.27128440141677856
440	LABEL_0	HATE	0.46588194370269775
441	LABEL_1	HATE	0.38072192668914795
442	LABEL_0	HATE	0.3462091088294983
443	LABEL_0	HATE	0.4065297842025757
444	LABEL_1	HATE	0.2491755485534668
445	LABEL_0	HATE	0.22909480333328247
446	LABEL_1	HATE	0.2637251019477844
447	LABEL_0	HATE	0.3886340856552124
448	LABEL_1	HATE	0.009716629981994629
449	LABEL_1	HATE	0.008128762245178223
450	LABEL_1	HATE	0.0013611912727355957
451	LABEL_1	HATE	0.004841864109039307
452	LABEL_1	HATE	0.013463318347930908
453	LABEL_1	HATE	0.0023748278617858887
454	LABEL_1	HATE	0.07605624198913574
455	LABEL_0	HATE	0.03799229860305786
456	LABEL_0	HATE	0.07131069898605347
457	LABEL_0	HATE	0.05853283405303955
458	LABEL_0	HATE	0.04710632562637329
459	LABEL_0	HATE	0.015944600105285645
460	LABEL_0	HATE	0.0414697527885437
461	LABEL_0	HATE	0.035813987255096436
462	LABEL_0	HATE	0.41746944189071655
463	LABEL_1	HATE	0.18666768074035645
464	LABEL_1	HATE	0.18559491634368896
465	LABEL_1	HATE	0.1047620177268982
466	LABEL_1	HATE	0.2711235284805298
467	LABEL_1	HATE	0.07644909620285034
468	LABEL_1	HATE	0.2579268217086792
469	LABEL_1	HATE	0.27472591400146484
470	LABEL_1	HATE	0.22976326942443848
471	LABEL_1	HATE	0.20836055278778076
472	LABEL_1	HATE	0.0752938985824585
473	LABEL_0	HATE	0.44828498363494873
474	LABEL_1	HATE	0.16735082864761353
475	LABEL_1	HATE	0.22278565168380737
476	LABEL_0	HATE	0.45004868507385254
477	LABEL_1	HATE	0.33050239086151123
478	LABEL_1	HATE	0.061998724937438965
479	LABEL_1	HATE	0.28062474727630615
480	LABEL_1	HATE	0.31623971462249756
481	LABEL_1	HATE	0.29537999629974365
482	LABEL_1	HATE	0.40627986192703247
483	LABEL_0	HATE	0.49814850091934204
484	LABEL_0	HATE	0.21027320623397827
485	LABEL_1	HATE	0.40939968824386597
486	LABEL_1	HATE	0.22151875495910645
487	LABEL_0	HATE	0.4069443345069885
488	LABEL_1	HATE	0.1627982258796692
489	LABEL_1	HATE	0.14047914743423462
490	LABEL_0	HATE	0.1217646598815918
491	LABEL_0	HATE	0.045403242111206055
492	LABEL_0	HATE	0.14774483442306519
493	LABEL_0	HATE	0.027826368808746338
494	LABEL_0	HATE	0.04950284957885742
495	LABEL_0	HATE	0.03905212879180908
496	LABEL_0	HATE	0.13909661769866943
497	LABEL_1	HATE	0.06524688005447388
498	LABEL_1	HATE	0.01035618782043457
499	LABEL_1	HATE	0.004024922847747803
500	LABEL_1	HATE	0.07297062873840332
501	LABEL_1	HATE	0.023224234580993652
502	LABEL_1	HATE	0.010510861873626709
503	LABEL_0	HATE	0.46099650859832764
504	LABEL_0	HATE	0.15599679946899414
505	LABEL_0	HATE	0.11828815937042236
506	LABEL_0	HATE	0.18355971574783325
507	LABEL_0	HATE	0.056865692138671875
508	LABEL_0	HATE	0.02620565891265869
509	LABEL_0	HATE	0.12983345985412598
510	LABEL_0	HATE	0.12183326482772827
511	LABEL_1	HATE	0.26567542552948
512	LABEL_1	HATE	0.21381837129592896
513	LABEL_1	HATE	0.05689382553100586
514	LABEL_1	HATE	0.0780368447303772
515	LABEL_1	HATE	0.24851733446121216
516	LABEL_1	HATE	0.1863027811050415
517	LABEL_1	HATE	0.27919113636016846
518	LABEL_0	HATE	0.15246278047561646
519	LABEL_0	HATE	0.1822340488433838
520	LABEL_0	HATE	0.16118121147155762
521	LABEL_0	HATE	0.2007179856300354
522	LABEL_0	HATE	0.05465477705001831
523	LABEL_0	HATE	0.422160267829895
524	LABEL_0	HATE	0.22237223386764526
525	LABEL_0	HATE	0.24996733665466309
526	LABEL_1	HATE	0.45646220445632935
527	LABEL_0	HATE	0.24887174367904663
528	LABEL_1	HATE	0.338079571723938
529	LABEL_1	HATE	0.42480385303497314
530	LABEL_1	HATE	0.0471382737159729
531	LABEL_1	HATE	0.14045566320419312
532	LABEL_0	HATE	0.4627711772918701
533	LABEL_0	HATE	0.4902285933494568
534	LABEL_0	HATE	0.3126559257507324
535	LABEL_1	HATE	0.34601813554763794
536	LABEL_0	HATE	0.3915269374847412
537	LABEL_1	HATE	0.118571937084198
538	LABEL_1	HATE	0.21098476648330688
539	LABEL_0	HATE	0.24682557582855225
540	LABEL_0	HATE	0.16779136657714844
541	LABEL_0	HATE	0.18532687425613403
542	LABEL_0	HATE	0.13255029916763306
543	LABEL_0	HATE	0.09042572975158691
544	LABEL_1	HATE	0.34213411808013916
545	LABEL_1	HATE	0.3260040283203125
546	LABEL_0	HATE	0.012158095836639404
547	LABEL_0	HATE	0.0128936767578125
548	LABEL_0	HATE	0.01818901300430298
549	LABEL_0	HATE	0.02642357349395752
550	LABEL_0	HATE	0.038148701190948486
551	LABEL_0	HATE	0.03684103488922119
552	LABEL_0	HATE	0.04470127820968628
553	LABEL_1	HATE	0.1687450408935547
554	LABEL_1	HATE	0.08223813772201538
555	LABEL_1	HATE	0.10030543804168701
556	LABEL_1	HATE	0.23687732219696045
557	LABEL_1	HATE	0.1776983141899109
558	LABEL_1	HATE	0.09889405965805054
559	LABEL_1	HATE	0.138421893119812
560	LABEL_1	HATE	0.004666149616241455
561	LABEL_1	HATE	0.0014361739158630371
562	LABEL_1	HATE	0.0010724663734436035
563	LABEL_1	HATE	0.0032774806022644043
564	LABEL_1	HATE	0.0029731392860412598
565	LABEL_1	HATE	0.004191160202026367
566	LABEL_1	HATE	0.0038295388221740723
567	LABEL_1	HATE	0.07163065671920776
568	LABEL_1	HATE	0.005330383777618408
569	LABEL_1	HATE	0.0022859573364257812
570	LABEL_1	HATE	0.008458137512207031
571	LABEL_1	HATE	0.01753687858581543
572	LABEL_1	HATE	0.004208564758300781
573	LABEL_1	HATE	0.004602253437042236
574	LABEL_1	HATE	0.13518685102462769
575	LABEL_1	HATE	0.0328143835067749
576	LABEL_1	HATE	0.02783966064453125
577	LABEL_1	HATE	0.26135408878326416
578	LABEL_1	HATE	0.035787999629974365
579	LABEL_1	HATE	0.017895162105560303
580	LABEL_1	HATE	0.03145778179168701
581	LABEL_1	HATE	0.026424050331115723
582	LABEL_1	HATE	0.02379816770553589
583	LABEL_1	HATE	0.022267460823059082
584	LABEL_1	HATE	0.01865452527999878
585	LABEL_1	HATE	0.00875920057296753
586	LABEL_1	HATE	0.004965543746948242
587	LABEL_1	HATE	0.015457868576049805
588	LABEL_0	HATE	0.08452004194259644
589	LABEL_1	HATE	0.3931727409362793
590	LABEL_1	HATE	0.09811145067214966
591	LABEL_0	HATE	0.05860942602157593
592	LABEL_0	HATE	0.3696925640106201
593	LABEL_1	HATE	0.07036489248275757
594	LABEL_1	HATE	0.2121586799621582
595	LABEL_1	HATE	0.17192840576171875
596	LABEL_1	HATE	0.026772737503051758
597	LABEL_1	HATE	0.032374799251556396
598	LABEL_1	HATE	0.07619059085845947
599	LABEL_1	HATE	0.055246829986572266
600	LABEL_1	HATE	0.008243560791015625
601	LABEL_1	HATE	0.008269965648651123
602	LABEL_1	HATE	0.2675600051879883
603	LABEL_1	HATE	0.035885512828826904
604	LABEL_1	HATE	0.04905414581298828
605	LABEL_1	HATE	0.030028998851776123
606	LABEL_1	HATE	0.09017908573150635
607	LABEL_1	HATE	0.01074075698852539
608	LABEL_1	HATE	0.02903580665588379
609	LABEL_0	HATE	0.46775925159454346
610	LABEL_0	HATE	0.4736887216567993
611	LABEL_1	HATE	0.24289751052856445
612	LABEL_1	HATE	0.1405162215232849
613	LABEL_1	HATE	0.35877639055252075
614	LABEL_1	HATE	0.07835960388183594
615	LABEL_1	HATE	0.05346477031707764
616	LABEL_1	HATE	0.009129822254180908
617	LABEL_1	HATE	0.007188737392425537
618	LABEL_1	HATE	0.0027817487716674805
619	LABEL_1	HATE	0.043322861194610596
620	LABEL_1	HATE	0.048971712589263916
621	LABEL_1	HATE	0.0036745667457580566
622	LABEL_1	HATE	0.0032529830932617188
623	LABEL_0	HATE	0.38933759927749634
624	LABEL_1	HATE	0.2318934202194214
625	LABEL_1	HATE	0.14461183547973633
626	LABEL_1	HATE	0.34983277320861816
627	LABEL_1	HATE	0.263192355632782
628	LABEL_1	HATE	0.025951743125915527
629	LABEL_1	HATE	0.16783744096755981
630	LABEL_1	HATE	0.1935827136039734
631	LABEL_1	HATE	0.13225162029266357
632	LABEL_1	HATE	0.09345793724060059
633	LABEL_1	HATE	0.06273144483566284
634	LABEL_1	HATE	0.05406874418258667
635	LABEL_1	HATE	0.0029738545417785645
636	LABEL_1	HATE	0.04951983690261841
637	LABEL_0	HATE	0.43849825859069824
638	LABEL_1	HATE	0.19816797971725464
639	LABEL_1	HATE	0.09551972150802612
640	LABEL_1	HATE	0.036158978939056396
641	LABEL_1	HATE	0.03285795450210571
642	LABEL_1	HATE	0.019856393337249756
643	LABEL_1	HATE	0.05009865760803223
644	LABEL_1	HATE	0.1904764175415039
645	LABEL_1	HATE	0.016907334327697754
646	LABEL_1	HATE	0.0053154826164245605
647	LABEL_1	HATE	0.12426060438156128
648	LABEL_1	HATE	0.024715662002563477
649	LABEL_1	HATE	0.03299140930175781
650	LABEL_1	HATE	0.028968989849090576
651	LABEL_1	HATE	0.034538984298706055
652	LABEL_1	HATE	0.004590809345245361
653	LABEL_1	HATE	0.0028548836708068848
654	LABEL_1	HATE	0.004671812057495117
655	LABEL_1	HATE	0.0065114498138427734
656	LABEL_1	HATE	0.002543032169342041
657	LABEL_1	HATE	0.0034445524215698242
658	LABEL_1	HATE	0.4220607280731201
659	LABEL_1	HATE	0.03400731086730957
660	LABEL_1	HATE	0.07471358776092529
661	LABEL_1	HATE	0.008320510387420654
662	LABEL_1	HATE	0.061086952686309814
663	LABEL_1	HATE	0.005335688591003418
664	LABEL_1	HATE	0.06617498397827148
665	LABEL_1	HATE	0.11735689640045166
666	LABEL_1	HATE	0.01938420534133911
667	LABEL_1	HATE	0.006105482578277588
668	LABEL_1	HATE	0.01667708158493042
669	LABEL_1	HATE	0.02387768030166626
670	LABEL_1	HATE	0.011786103248596191
671	LABEL_1	HATE	0.015435338020324707
672	LABEL_0	HATE	0.13320708274841309
673	LABEL_1	HATE	0.2667158246040344
674	LABEL_1	HATE	0.0884631872177124
675	LABEL_0	HATE	0.19931989908218384
676	LABEL_1	HATE	0.4882867932319641
677	LABEL_1	HATE	0.16944539546966553
678	LABEL_1	HATE	0.4438614845275879
679	LABEL_1	HATE	0.009056508541107178
680	LABEL_1	HATE	0.003262937068939209
681	LABEL_1	HATE	0.0013045668601989746
682	LABEL_1	HATE	0.002119779586791992
683	LABEL_1	HATE	0.002506256103515625
684	LABEL_1	HATE	0.0017061829566955566
685	LABEL_1	HATE	0.0024750828742980957
686	LABEL_1	HATE	0.14288437366485596
687	LABEL_1	HATE	0.011420965194702148
688	LABEL_1	HATE	0.00583040714263916
689	LABEL_1	HATE	0.005628228187561035
690	LABEL_1	HATE	0.007754027843475342
691	LABEL_1	HATE	0.011696696281433105
692	LABEL_1	HATE	0.005615234375
693	LABEL_0	HATE	0.026426315307617188
694	LABEL_0	HATE	0.11849749088287354
695	LABEL_1	HATE	0.2933279871940613
696	LABEL_0	HATE	0.019400298595428467
697	LABEL_0	HATE	0.0707693099975586
698	LABEL_0	HATE	0.33630532026290894
699	LABEL_0	HATE	0.11817222833633423
700	LABEL_1	HATE	0.002196967601776123
701	LABEL_1	HATE	0.0014193058013916016
702	LABEL_1	HATE	0.0006397366523742676
703	LABEL_1	HATE	0.002351820468902588
704	LABEL_1	HATE	0.002254784107208252
705	LABEL_1	HATE	0.0012990236282348633
706	LABEL_1	HATE	0.0015826225280761719
707	LABEL_1	HATE	0.32291311025619507
708	LABEL_1	HATE	0.20449954271316528
709	LABEL_1	HATE	0.016259610652923584
710	LABEL_1	HATE	0.3934853672981262
711	LABEL_1	HATE	0.08799463510513306
712	LABEL_1	HATE	0.008940041065216064
713	LABEL_1	HATE	0.016071796417236328
714	LABEL_0	HATE	0.03472226858139038
715	LABEL_0	HATE	0.4826406240463257
716	LABEL_1	HATE	0.11319601535797119
717	LABEL_0	HATE	0.04463249444961548
718	LABEL_0	HATE	0.2215336561203003
719	LABEL_1	HATE	0.3017714023590088
720	LABEL_1	HATE	0.4397726058959961
721	LABEL_1	HATE	0.024644434452056885
722	LABEL_1	HATE	0.005889832973480225
723	LABEL_1	HATE	0.0021773576736450195
724	LABEL_1	HATE	0.020751953125
725	LABEL_1	HATE	0.009301602840423584
726	LABEL_1	HATE	0.00644683837890625
727	LABEL_1	HATE	0.005251705646514893
728	LABEL_1	HATE	0.10916221141815186
729	LABEL_1	HATE	0.004593968391418457
730	LABEL_1	HATE	0.0021987557411193848
731	LABEL_1	HATE	0.0018932819366455078
732	LABEL_1	HATE	0.00477832555770874
733	LABEL_1	HATE	0.0023007988929748535
734	LABEL_1	HATE	0.010957300662994385
735	LABEL_1	HATE	0.06539112329483032
736	LABEL_1	HATE	0.008620381355285645
737	LABEL_1	HATE	0.00913459062576294
738	LABEL_1	HATE	0.011941909790039062
739	LABEL_1	HATE	0.008665740489959717
740	LABEL_1	HATE	0.00844496488571167
741	LABEL_1	HATE	0.0104902982711792
742	LABEL_1	HATE	0.08169198036193848
743	LABEL_1	HATE	0.029026389122009277
744	LABEL_1	HATE	0.007459580898284912
745	LABEL_1	HATE	0.008350253105163574
746	LABEL_1	HATE	0.012451767921447754
747	LABEL_1	HATE	0.05848264694213867
748	LABEL_1	HATE	0.06874644756317139
749	LABEL_1	HATE	0.15554118156433105
750	LABEL_1	HATE	0.1730397343635559
751	LABEL_1	HATE	0.06590938568115234
752	LABEL_1	HATE	0.034590721130371094
753	LABEL_1	HATE	0.06563335657119751
754	LABEL_1	HATE	0.03054898977279663
755	LABEL_1	HATE	0.018230676651000977
756	LABEL_1	HATE	0.2991134524345398
757	LABEL_1	HATE	0.1608484983444214
758	LABEL_1	HATE	0.07262927293777466
759	LABEL_1	HATE	0.15572965145111084
760	LABEL_1	HATE	0.20277190208435059
761	LABEL_1	HATE	0.07283169031143188
762	LABEL_1	HATE	0.17965370416641235
763	LABEL_0	HATE	0.16972869634628296
764	LABEL_0	HATE	0.06467437744140625
765	LABEL_0	HATE	0.12574636936187744
766	LABEL_0	HATE	0.055969059467315674
767	LABEL_0	HATE	0.05899602174758911
768	LABEL_0	HATE	0.061067044734954834
769	LABEL_0	HATE	0.15449368953704834
770	LABEL_0	HATE	0.0673324465751648
771	LABEL_0	HATE	0.05830425024032593
772	LABEL_0	HATE	0.06476813554763794
773	LABEL_0	HATE	0.018669426441192627
774	LABEL_0	HATE	0.05459392070770264
775	LABEL_0	HATE	0.025673747062683105
776	LABEL_0	HATE	0.03088700771331787
777	LABEL_1	HATE	0.08047771453857422
778	LABEL_1	HATE	0.038535892963409424
779	LABEL_1	HATE	0.010843038558959961
780	LABEL_1	HATE	0.023704886436462402
781	LABEL_1	HATE	0.006586134433746338
782	LABEL_1	HATE	0.01225733757019043
783	LABEL_1	HATE	0.006927073001861572
784	LABEL_0	HATE	0.4648628234863281
785	LABEL_1	HATE	0.41632431745529175
786	LABEL_1	HATE	0.0918428897857666
787	LABEL_1	HATE	0.28090405464172363
788	LABEL_1	HATE	0.12516194581985474
789	LABEL_1	HATE	0.1346275806427002
790	LABEL_1	HATE	0.19690054655075073
791	LABEL_0	HATE	0.3145579695701599
792	LABEL_0	HATE	0.38915956020355225
793	LABEL_0	HATE	0.4304485321044922
794	LABEL_0	HATE	0.26990920305252075
795	LABEL_0	HATE	0.37683939933776855
796	LABEL_0	HATE	0.4072312116622925
797	LABEL_1	HATE	0.43720561265945435
798	LABEL_0	HATE	0.027518808841705322
799	LABEL_0	HATE	0.09316658973693848
800	LABEL_0	HATE	0.04500478506088257
801	LABEL_0	HATE	0.06498473882675171
802	LABEL_0	HATE	0.10516703128814697
803	LABEL_0	HATE	0.03232300281524658
804	LABEL_0	HATE	0.07779979705810547
805	LABEL_0	HATE	0.04903465509414673
806	LABEL_1	HATE	0.3967793583869934
807	LABEL_1	HATE	0.16828125715255737
808	LABEL_0	HATE	0.4049406051635742
809	LABEL_0	HATE	0.45592594146728516
810	LABEL_1	HATE	0.13531363010406494
811	LABEL_1	HATE	0.2889036536216736
812	LABEL_1	HATE	0.06851273775100708
813	LABEL_1	HATE	0.007110953330993652
814	LABEL_1	HATE	0.0033075809478759766
815	LABEL_1	HATE	0.015139222145080566
816	LABEL_1	HATE	0.014537453651428223
817	LABEL_1	HATE	0.015101969242095947
818	LABEL_1	HATE	0.006277740001678467
819	LABEL_1	HATE	0.0669320821762085
820	LABEL_1	HATE	0.007671535015106201
821	LABEL_1	HATE	0.004502773284912109
822	LABEL_1	HATE	0.0314674973487854
823	LABEL_1	HATE	0.01906108856201172
824	LABEL_1	HATE	0.006780445575714111
825	LABEL_1	HATE	0.003623664379119873
826	LABEL_1	HATE	0.04335516691207886
827	LABEL_1	HATE	0.002982020378112793
828	LABEL_1	HATE	0.0016579627990722656
829	LABEL_1	HATE	0.0063370466232299805
830	LABEL_1	HATE	0.005857408046722412
831	LABEL_1	HATE	0.0024953484535217285
832	LABEL_1	HATE	0.002764880657196045
833	LABEL_1	HATE	0.04186129570007324
834	LABEL_1	HATE	0.006694138050079346
835	LABEL_1	HATE	0.0011776089668273926
836	LABEL_1	HATE	0.009132862091064453
837	LABEL_1	HATE	0.0034455060958862305
838	LABEL_1	HATE	0.002488851547241211
839	LABEL_1	HATE	0.002381622791290283
840	LABEL_1	HATE	0.041693150997161865
841	LABEL_1	HATE	0.1645050048828125
842	LABEL_1	HATE	0.09428685903549194
843	LABEL_1	HATE	0.433180034160614
844	LABEL_0	HATE	0.087127685546875
845	LABEL_1	HATE	0.026070773601531982
846	LABEL_1	HATE	0.025077104568481445
847	LABEL_0	HATE	0.009281933307647705
848	LABEL_1	HATE	0.010883629322052002
849	LABEL_1	HATE	0.47565317153930664
850	LABEL_1	HATE	0.0314827561378479
851	LABEL_0	HATE	0.012127399444580078
852	LABEL_0	HATE	0.40303313732147217
853	LABEL_1	HATE	0.02918863296508789
854	LABEL_0	HATE	0.01372385025024414
855	LABEL_1	HATE	0.05489790439605713
856	LABEL_1	HATE	0.10432308912277222
857	LABEL_1	HATE	0.4810498356819153
858	LABEL_1	HATE	0.08074641227722168
859	LABEL_1	HATE	0.34460723400115967
860	LABEL_1	HATE	0.23775357007980347
861	LABEL_0	HATE	0.43698787689208984
862	LABEL_0	HATE	0.19985449314117432
863	LABEL_1	HATE	0.06105226278305054
864	LABEL_1	HATE	0.0948682427406311
865	LABEL_0	HATE	0.34508275985717773
866	LABEL_1	HATE	0.05726593732833862
867	LABEL_1	HATE	0.27556437253952026
868	LABEL_1	HATE	0.08906006813049316
869	LABEL_0	HATE	0.050715506076812744
870	LABEL_0	HATE	0.3609761595726013
871	LABEL_1	HATE	0.019406795501708984
872	LABEL_0	HATE	0.025043010711669922
873	LABEL_1	HATE	0.13305896520614624
874	LABEL_1	HATE	0.43111664056777954
875	LABEL_1	HATE	0.295906126499176
876	LABEL_1	HATE	0.09846299886703491
877	LABEL_1	HATE	0.2576116919517517
878	LABEL_1	HATE	0.25506043434143066
879	LABEL_1	HATE	0.40101927518844604
880	LABEL_0	HATE	0.23376178741455078
881	LABEL_1	HATE	0.04521232843399048
882	LABEL_1	HATE	0.08073151111602783
883	LABEL_0	HATE	0.4779595732688904
884	LABEL_1	HATE	0.04686129093170166
885	LABEL_1	HATE	0.18343311548233032
886	LABEL_1	HATE	0.21825623512268066
887	LABEL_0	HATE	0.0036946535110473633
888	LABEL_0	HATE	0.12700408697128296
889	LABEL_1	HATE	0.019087791442871094
890	LABEL_0	HATE	0.018474102020263672
891	LABEL_1	HATE	0.15303242206573486
892	LABEL_1	HATE	0.12071394920349121
893	LABEL_1	HATE	0.36828649044036865
894	LABEL_1	HATE	0.10074931383132935
895	LABEL_1	HATE	0.33563023805618286
896	LABEL_1	HATE	0.3038976788520813
897	LABEL_0	HATE	0.3555752635002136
898	LABEL_0	HATE	0.13952785730361938
899	LABEL_1	HATE	0.03705042600631714
900	LABEL_1	HATE	0.19044780731201172
901	LABEL_0	HATE	0.2327757477760315
902	LABEL_1	HATE	0.0689430832862854
903	LABEL_1	HATE	0.24765431880950928
904	LABEL_1	HATE	0.12949061393737793
905	LABEL_0	HATE	0.03786587715148926
906	LABEL_1	HATE	0.43705296516418457
907	LABEL_1	HATE	0.013094723224639893
908	LABEL_0	HATE	0.16947007179260254
909	LABEL_1	HATE	0.03294813632965088
910	LABEL_1	HATE	0.08235609531402588
911	LABEL_1	HATE	0.2483905553817749
912	LABEL_1	HATE	0.15161556005477905
913	LABEL_1	HATE	0.13345462083816528
914	LABEL_1	HATE	0.054151296615600586
915	LABEL_0	HATE	0.22641730308532715
916	LABEL_0	HATE	0.07890117168426514
917	LABEL_1	HATE	0.04078507423400879
918	LABEL_1	HATE	0.1711808443069458
919	LABEL_0	HATE	0.04094725847244263
920	LABEL_1	HATE	0.027943551540374756
921	LABEL_1	HATE	0.09731948375701904
922	LABEL_1	HATE	0.05841350555419922
923	LABEL_0	HATE	0.11446458101272583
924	LABEL_0	HATE	0.4596654176712036
925	LABEL_1	HATE	0.009014725685119629
926	LABEL_0	HATE	0.030496716499328613
927	LABEL_1	HATE	0.04592651128768921
928	LABEL_1	HATE	0.10934436321258545
929	LABEL_1	HATE	0.13845252990722656
930	LABEL_1	HATE	0.0681542158126831
931	LABEL_1	HATE	0.19641757011413574
932	LABEL_1	HATE	0.1595900058746338
933	LABEL_1	HATE	0.17376017570495605
934	LABEL_1	HATE	0.3080551028251648
935	LABEL_1	HATE	0.03731346130371094
936	LABEL_1	HATE	0.07904630899429321
937	LABEL_1	HATE	0.13080060482025146
938	LABEL_1	HATE	0.013380587100982666
939	LABEL_1	HATE	0.0665508508682251
940	LABEL_1	HATE	0.02777963876724243
941	LABEL_1	HATE	0.3703135848045349
942	LABEL_1	HATE	0.4202811121940613
943	LABEL_1	HATE	0.008533000946044922
944	LABEL_1	HATE	0.28435784578323364
945	LABEL_1	HATE	0.05383789539337158
946	LABEL_1	HATE	0.07445508241653442
947	LABEL_1	HATE	0.0861254334449768
948	LABEL_1	HATE	0.12682116031646729
949	LABEL_1	HATE	0.47149837017059326
950	LABEL_1	HATE	0.3009129762649536
951	LABEL_1	HATE	0.3632276654243469
952	LABEL_0	HATE	0.07782989740371704
953	LABEL_1	HATE	0.07857662439346313
954	LABEL_1	HATE	0.1688721776008606
955	LABEL_0	HATE	0.05870556831359863
956	LABEL_1	HATE	0.08528351783752441
957	LABEL_1	HATE	0.1553923487663269
958	LABEL_1	HATE	0.07911866903305054
959	LABEL_0	HATE	0.23196417093276978
960	LABEL_0	HATE	0.4324389696121216
961	LABEL_1	HATE	0.06862032413482666
962	LABEL_0	HATE	0.0209653377532959
963	LABEL_1	HATE	0.030756354331970215
964	LABEL_1	HATE	0.09024924039840698
965	LABEL_1	HATE	0.18100124597549438
966	LABEL_1	HATE	0.04389923810958862
967	LABEL_1	HATE	0.052996933460235596
968	LABEL_1	HATE	0.0707165002822876
969	LABEL_0	HATE	0.039696335792541504
970	LABEL_0	HATE	0.2043856382369995
971	LABEL_1	HATE	0.046391069889068604
972	LABEL_1	HATE	0.21177136898040771
973	LABEL_0	HATE	0.04880356788635254
974	LABEL_1	HATE	0.006390929222106934
975	LABEL_1	HATE	0.10358428955078125
976	LABEL_1	HATE	0.07822084426879883
977	LABEL_0	HATE	0.011123836040496826
978	LABEL_0	HATE	0.041382551193237305
979	LABEL_1	HATE	0.014380693435668945
980	LABEL_0	HATE	0.007938861846923828
981	LABEL_1	HATE	0.05341261625289917
982	LABEL_1	HATE	0.034108877182006836
983	LABEL_1	HATE	0.2766125202178955
984	LABEL_1	HATE	0.4732675552368164
985	LABEL_1	HATE	0.1314772367477417
986	LABEL_1	HATE	0.16480493545532227
987	LABEL_0	HATE	0.05649048089981079
988	LABEL_0	HATE	0.16401946544647217
989	LABEL_1	HATE	0.07278865575790405
990	LABEL_1	HATE	0.39655131101608276
991	LABEL_0	HATE	0.3437548875808716
992	LABEL_1	HATE	0.42445439100265503
993	LABEL_0	HATE	0.18796700239181519
994	LABEL_1	HATE	0.08211261034011841
995	LABEL_0	HATE	0.021289288997650146
996	LABEL_0	HATE	0.03337419033050537
997	LABEL_1	HATE	0.07630330324172974
998	LABEL_0	HATE	0.029068291187286377
999	LABEL_1	HATE	0.11712765693664551
1000	LABEL_0	HATE	0.1334836483001709
1001	LABEL_0	HATE	0.1344776749610901
1002	LABEL_1	HATE	0.06737661361694336
1003	LABEL_1	HATE	0.05572324991226196
1004	LABEL_1	HATE	0.09506815671920776
1005	LABEL_0	HATE	0.3484836220741272
1006	LABEL_0	HATE	0.4047378897666931
1007	LABEL_1	HATE	0.03768736124038696
1008	LABEL_1	HATE	0.1898459792137146
1009	LABEL_0	HATE	0.2519124150276184
1010	LABEL_1	HATE	0.009363949298858643
1011	LABEL_1	HATE	0.03064936399459839
1012	LABEL_1	HATE	0.05685913562774658
1013	LABEL_0	HATE	0.04361027479171753
1014	LABEL_0	HATE	0.17384791374206543
1015	LABEL_1	HATE	0.005394876003265381
1016	LABEL_0	HATE	0.040577590465545654
1017	LABEL_1	HATE	0.009852349758148193
1018	LABEL_1	HATE	0.04604661464691162
1019	LABEL_1	HATE	0.4406071901321411
1020	LABEL_1	HATE	0.3293692469596863
1021	LABEL_0	HATE	0.3584585189819336
1022	LABEL_0	HATE	0.21180075407028198
1023	LABEL_1	HATE	0.2708161473274231
1024	LABEL_0	HATE	0.3673033118247986
1025	LABEL_1	HATE	0.07778680324554443
1026	LABEL_1	HATE	0.11217862367630005
1027	LABEL_1	HATE	0.15221261978149414
1028	LABEL_1	HATE	0.011999309062957764
1029	LABEL_1	HATE	0.03133934736251831
1030	LABEL_1	HATE	0.010116755962371826
1031	LABEL_1	HATE	0.004713177680969238
1032	LABEL_1	HATE	0.0015118122100830078
1033	LABEL_1	HATE	0.01122581958770752
1034	LABEL_1	HATE	0.03168964385986328
1035	LABEL_1	HATE	0.012548506259918213
1036	LABEL_1	HATE	0.013414621353149414
1037	LABEL_1	HATE	0.004030823707580566
1038	LABEL_1	HATE	0.002978503704071045
1039	LABEL_1	HATE	0.001314699649810791
1040	LABEL_1	HATE	0.0022052526473999023
1041	LABEL_1	HATE	0.12448781728744507
1042	LABEL_1	HATE	0.020673751831054688
1043	LABEL_1	HATE	0.008463382720947266
1044	LABEL_1	HATE	0.04121023416519165
1045	LABEL_1	HATE	0.028477370738983154
1046	LABEL_1	HATE	0.006987273693084717
1047	LABEL_1	HATE	0.09241122007369995
1048	LABEL_1	HATE	0.4114839434623718
1049	LABEL_1	HATE	0.04658311605453491
1050	LABEL_1	HATE	0.30141377449035645
1051	LABEL_1	HATE	0.08975446224212646
1052	LABEL_1	HATE	0.0358852744102478
1053	LABEL_1	HATE	0.021963179111480713
1054	LABEL_1	HATE	0.11770248413085938
1055	LABEL_1	HATE	0.27916890382766724
1056	LABEL_0	HATE	0.4779253602027893
1057	LABEL_1	HATE	0.41226881742477417
1058	LABEL_1	HATE	0.4267336130142212
1059	LABEL_1	HATE	0.3715517520904541
1060	LABEL_1	HATE	0.054476380348205566
1061	LABEL_1	HATE	0.22106105089187622
1062	LABEL_1	HATE	0.4374315142631531
1063	LABEL_0	HATE	0.383724570274353
1064	LABEL_0	HATE	0.4744033217430115
1065	LABEL_1	HATE	0.46874940395355225
1066	LABEL_1	HATE	0.22546565532684326
1067	LABEL_1	HATE	0.028867900371551514
1068	LABEL_1	HATE	0.05696898698806763
1069	LABEL_1	HATE	0.03933560848236084
1070	LABEL_1	HATE	0.03347522020339966
1071	LABEL_1	HATE	0.035101234912872314
1072	LABEL_1	HATE	0.013900458812713623
1073	LABEL_1	HATE	0.04691988229751587
1074	LABEL_1	HATE	0.0037984251976013184
1075	LABEL_1	HATE	0.03007298707962036
1076	LABEL_1	HATE	0.07261091470718384
1077	LABEL_1	HATE	0.10808992385864258
1078	LABEL_1	HATE	0.05888867378234863
1079	LABEL_1	HATE	0.33508217334747314
1080	LABEL_1	HATE	0.027687668800354004
1081	LABEL_1	HATE	0.10964971780776978
1082	LABEL_1	HATE	0.03479123115539551
1083	LABEL_1	HATE	0.2076355218887329
1084	LABEL_1	HATE	0.2989540696144104
1085	LABEL_1	HATE	0.34615904092788696
1086	LABEL_1	HATE	0.17607206106185913
1087	LABEL_1	HATE	0.2364426851272583
1088	LABEL_1	HATE	0.036695778369903564
1089	LABEL_1	HATE	0.1443547010421753
1090	LABEL_0	HATE	0.4093119502067566
1091	LABEL_0	HATE	0.06766188144683838
1092	LABEL_0	HATE	0.11604505777359009
1093	LABEL_0	HATE	0.1568734049797058
1094	LABEL_0	HATE	0.20455002784729004
1095	LABEL_0	HATE	0.4511786103248596
1096	LABEL_0	HATE	0.2687475085258484
1097	LABEL_0	HATE	0.13011431694030762
1098	LABEL_0	HATE	0.06606000661849976
1099	LABEL_0	HATE	0.04507070779800415
1100	LABEL_0	HATE	0.08074462413787842
1101	LABEL_0	HATE	0.06283825635910034
1102	LABEL_0	HATE	0.0929800271987915
1103	LABEL_0	HATE	0.12605619430541992
1104	LABEL_0	HATE	0.08610415458679199
1105	LABEL_0	HATE	0.008149564266204834
1106	LABEL_0	HATE	0.03780019283294678
1107	LABEL_0	HATE	0.013623297214508057
1108	LABEL_0	HATE	0.041498005390167236
1109	LABEL_0	HATE	0.02348870038986206
1110	LABEL_0	HATE	0.3438684344291687
1111	LABEL_1	HATE	0.45177584886550903
1112	LABEL_0	HATE	0.41105735301971436
1113	LABEL_0	HATE	0.3140604496002197
1114	LABEL_1	HATE	0.30479568243026733
1115	LABEL_1	HATE	0.4176666736602783
1116	LABEL_1	HATE	0.4073910117149353
1117	LABEL_1	HATE	0.3542059659957886
1118	LABEL_1	HATE	0.2467256784439087
1119	LABEL_1	HATE	0.22424101829528809
1120	LABEL_1	HATE	0.23328185081481934
1121	LABEL_1	HATE	0.12457150220870972
1122	LABEL_1	HATE	0.21301615238189697
1123	LABEL_1	HATE	0.019636690616607666
1124	LABEL_1	HATE	0.11931782960891724
1125	LABEL_1	HATE	0.10157918930053711
1126	LABEL_1	HATE	0.11312073469161987
1127	LABEL_1	HATE	0.06550806760787964
1128	LABEL_1	HATE	0.02977198362350464
1129	LABEL_1	HATE	0.030660152435302734
1130	LABEL_1	HATE	0.003150761127471924
1131	LABEL_1	HATE	0.0102730393409729
1132	LABEL_1	HATE	0.3511444926261902
1133	LABEL_1	HATE	0.39234745502471924
1134	LABEL_1	HATE	0.22725653648376465
1135	LABEL_1	HATE	0.21213334798812866
1136	LABEL_1	HATE	0.2740495800971985
1137	LABEL_1	HATE	0.03915315866470337
1138	LABEL_1	HATE	0.1543828845024109
1139	LABEL_1	HATE	0.4630504250526428
1140	LABEL_0	HATE	0.16638129949569702
1141	LABEL_0	HATE	0.1522127389907837
1142	LABEL_0	HATE	0.1370030641555786
1143	LABEL_0	HATE	0.3666115403175354
1144	LABEL_1	HATE	0.4054189920425415
1145	LABEL_1	HATE	0.4655613899230957
1146	LABEL_1	HATE	0.12594085931777954
1147	LABEL_1	HATE	0.15645498037338257
1148	LABEL_1	HATE	0.2584863305091858
1149	LABEL_1	HATE	0.16563981771469116
1150	LABEL_1	HATE	0.12594938278198242
1151	LABEL_1	HATE	0.049451470375061035
1152	LABEL_1	HATE	0.11151576042175293
1153	LABEL_0	HATE	0.1409435272216797
1154	LABEL_0	HATE	0.010516583919525146
1155	LABEL_0	HATE	0.04648852348327637
1156	LABEL_0	HATE	0.04037797451019287
1157	LABEL_0	HATE	0.07493793964385986
1158	LABEL_0	HATE	0.07958471775054932
1159	LABEL_0	HATE	0.11255598068237305
1160	LABEL_1	HATE	0.15843313932418823
1161	LABEL_1	HATE	0.04920530319213867
1162	LABEL_1	HATE	0.03816628456115723
1163	LABEL_1	HATE	0.023452341556549072
1164	LABEL_1	HATE	0.013203859329223633
1165	LABEL_1	HATE	0.0112152099609375
1166	LABEL_1	HATE	0.014161884784698486
1167	LABEL_1	HATE	0.16717171669006348
1168	LABEL_1	HATE	0.04984205961227417
1169	LABEL_1	HATE	0.11131006479263306
1170	LABEL_1	HATE	0.061306118965148926
1171	LABEL_1	HATE	0.039844393730163574
1172	LABEL_1	HATE	0.017308533191680908
1173	LABEL_1	HATE	0.0463259220123291
1174	LABEL_0	HATE	0.35584568977355957
1175	LABEL_0	HATE	0.354592502117157
1176	LABEL_0	HATE	0.4809451699256897
1177	LABEL_1	HATE	0.43994730710983276
1178	LABEL_1	HATE	0.3598082661628723
1179	LABEL_1	HATE	0.17586129903793335
1180	LABEL_1	HATE	0.40359628200531006
1181	LABEL_1	HATE	0.09899961948394775
1182	LABEL_1	HATE	0.03855019807815552
1183	LABEL_1	HATE	0.034704625606536865
1184	LABEL_1	HATE	0.008909225463867188
1185	LABEL_1	HATE	0.026100516319274902
1186	LABEL_1	HATE	0.00860506296157837
1187	LABEL_1	HATE	0.011869192123413086
1188	LABEL_1	HATE	0.49616318941116333
1189	LABEL_1	HATE	0.07022744417190552
1190	LABEL_1	HATE	0.14237654209136963
1191	LABEL_1	HATE	0.07503491640090942
1192	LABEL_1	HATE	0.06818443536758423
1193	LABEL_1	HATE	0.10487741231918335
1194	LABEL_1	HATE	0.21948575973510742
1195	LABEL_1	HATE	0.35219383239746094
1196	LABEL_1	HATE	0.41088950634002686
1197	LABEL_1	HATE	0.48167288303375244
1198	LABEL_1	HATE	0.4947240352630615
1199	LABEL_1	HATE	0.4046934247016907
1200	LABEL_1	HATE	0.08712261915206909
1201	LABEL_1	HATE	0.20200973749160767
1202	LABEL_1	HATE	0.24598461389541626
1203	LABEL_1	HATE	0.02935636043548584
1204	LABEL_1	HATE	0.027081787586212158
1205	LABEL_1	HATE	0.004113972187042236
1206	LABEL_1	HATE	0.02680385112762451
1207	LABEL_1	HATE	0.006430268287658691
1208	LABEL_1	HATE	0.010978758335113525
1209	LABEL_1	HATE	0.09296649694442749
1210	LABEL_1	HATE	0.19570958614349365
1211	LABEL_1	HATE	0.2327478528022766
1212	LABEL_1	HATE	0.039143383502960205
1213	LABEL_1	HATE	0.07863843441009521
1214	LABEL_1	HATE	0.022084534168243408
1215	LABEL_1	HATE	0.05440390110015869
1216	LABEL_1	HATE	0.36461377143859863
1217	LABEL_1	HATE	0.10167330503463745
1218	LABEL_1	HATE	0.10699760913848877
1219	LABEL_1	HATE	0.4621706008911133
1220	LABEL_1	HATE	0.1185416579246521
1221	LABEL_1	HATE	0.174585223197937
1222	LABEL_1	HATE	0.27952688932418823
1223	LABEL_1	HATE	0.22221297025680542
1224	LABEL_1	HATE	0.08027374744415283
1225	LABEL_1	HATE	0.13141560554504395
1226	LABEL_1	HATE	0.16224730014801025
1227	LABEL_1	HATE	0.03290146589279175
1228	LABEL_1	HATE	0.05299842357635498
1229	LABEL_1	HATE	0.07847613096237183
1230	LABEL_1	HATE	0.03255057334899902
1231	LABEL_1	HATE	0.014544427394866943
1232	LABEL_1	HATE	0.012122631072998047
1233	LABEL_1	HATE	0.00843888521194458
1234	LABEL_1	HATE	0.006658494472503662
1235	LABEL_1	HATE	0.003659486770629883
1236	LABEL_1	HATE	0.006550610065460205
1237	LABEL_0	HATE	0.11819511651992798
1238	LABEL_0	HATE	0.07568734884262085
1239	LABEL_0	HATE	0.41844916343688965
1240	LABEL_0	HATE	0.039322733879089355
1241	LABEL_1	HATE	0.34542417526245117
1242	LABEL_0	HATE	0.24563664197921753
1243	LABEL_0	HATE	0.47490930557250977
1244	LABEL_0	HATE	0.2694503664970398
1245	LABEL_1	HATE	0.47414302825927734
1246	LABEL_1	HATE	0.32646769285202026
1247	LABEL_0	HATE	0.4028046727180481
1248	LABEL_1	HATE	0.23631983995437622
1249	LABEL_1	HATE	0.13170874118804932
1250	LABEL_1	HATE	0.2812230587005615
1251	LABEL_1	HATE	0.07192933559417725
1252	LABEL_1	HATE	0.03541332483291626
1253	LABEL_1	HATE	0.0067594051361083984
1254	LABEL_1	HATE	0.04051518440246582
1255	LABEL_1	HATE	0.03162574768066406
1256	LABEL_1	HATE	0.00825566053390503
1257	LABEL_1	HATE	0.03627979755401611
1258	LABEL_0	HATE	0.20560330152511597
1259	LABEL_0	HATE	0.18028897047042847
1260	LABEL_0	HATE	0.22108453512191772
1261	LABEL_0	HATE	0.13136142492294312
1262	LABEL_0	HATE	0.2550259232521057
1263	LABEL_1	HATE	0.49768519401550293
1264	LABEL_0	HATE	0.4357590675354004
1265	LABEL_1	HATE	0.18045592308044434
1266	LABEL_1	HATE	0.06801122426986694
1267	LABEL_1	HATE	0.053291141986846924
1268	LABEL_1	HATE	0.032679200172424316
1269	LABEL_1	HATE	0.06688392162322998
1270	LABEL_1	HATE	0.0637393593788147
1271	LABEL_1	HATE	0.15329885482788086
1272	LABEL_1	HATE	0.008184850215911865
1273	LABEL_1	HATE	0.00850290060043335
1274	LABEL_1	HATE	0.005157172679901123
1275	LABEL_1	HATE	0.0031099915504455566
1276	LABEL_1	HATE	0.002083718776702881
1277	LABEL_1	HATE	0.0016439557075500488
1278	LABEL_1	HATE	0.0034792423248291016
1279	LABEL_0	HATE	0.17918837070465088
1280	LABEL_0	HATE	0.33258599042892456
1281	LABEL_0	HATE	0.0457877516746521
1282	LABEL_0	HATE	0.10291033983230591
1283	LABEL_1	HATE	0.22162115573883057
1284	LABEL_0	HATE	0.38128209114074707
1285	LABEL_1	HATE	0.38235026597976685
1286	LABEL_0	HATE	0.3326480984687805
1287	LABEL_0	HATE	0.20055776834487915
1288	LABEL_0	HATE	0.3060840368270874
1289	LABEL_0	HATE	0.4837852120399475
1290	LABEL_0	HATE	0.4495115280151367
1291	LABEL_1	HATE	0.3179905414581299
1292	LABEL_1	HATE	0.4143564701080322
1293	LABEL_1	HATE	0.4397674798965454
1294	LABEL_0	HATE	0.4401710033416748
1295	LABEL_1	HATE	0.4649360179901123
1296	LABEL_1	HATE	0.19846361875534058
1297	LABEL_1	HATE	0.40642958879470825
1298	LABEL_1	HATE	0.2104920744895935
1299	LABEL_1	HATE	0.4744214415550232
1300	LABEL_1	HATE	0.094271719455719
1301	LABEL_1	HATE	0.14054769277572632
1302	LABEL_1	HATE	0.11452478170394897
1303	LABEL_1	HATE	0.055432021617889404
1304	LABEL_1	HATE	0.1322181224822998
1305	LABEL_1	HATE	0.030476391315460205
1306	LABEL_1	HATE	0.04417639970779419
1307	LABEL_1	HATE	0.2999548316001892
1308	LABEL_1	HATE	0.2562440037727356
1309	LABEL_1	HATE	0.20838618278503418
1310	LABEL_1	HATE	0.18244469165802002
1311	LABEL_1	HATE	0.1616140604019165
1312	LABEL_1	HATE	0.14700353145599365
1313	LABEL_1	HATE	0.1885170340538025
1314	LABEL_1	HATE	0.3574373126029968
1315	LABEL_1	HATE	0.43022602796554565
1316	LABEL_1	HATE	0.10187172889709473
1317	LABEL_1	HATE	0.10092711448669434
1318	LABEL_1	HATE	0.18533378839492798
1319	LABEL_1	HATE	0.029038846492767334
1320	LABEL_1	HATE	0.030707061290740967
1321	LABEL_0	HATE	0.44206297397613525
1322	LABEL_1	HATE	0.16336005926132202
1323	LABEL_1	HATE	0.20774918794631958
1324	LABEL_1	HATE	0.10010373592376709
1325	LABEL_1	HATE	0.37642109394073486
1326	LABEL_1	HATE	0.0737035870552063
1327	LABEL_1	HATE	0.11895197629928589
1328	LABEL_0	HATE	0.3594069480895996
1329	LABEL_0	HATE	0.4230969548225403
1330	LABEL_1	HATE	0.39176827669143677
1331	LABEL_1	HATE	0.4464271068572998
1332	LABEL_0	HATE	0.213165283203125
1333	LABEL_1	HATE	0.07036787271499634
1334	LABEL_1	HATE	0.19490939378738403
1335	LABEL_0	HATE	0.12333327531814575
1336	LABEL_0	HATE	0.013552069664001465
1337	LABEL_0	HATE	0.05199897289276123
1338	LABEL_0	HATE	0.02968961000442505
1339	LABEL_0	HATE	0.22620195150375366
1340	LABEL_0	HATE	0.06554627418518066
1341	LABEL_0	HATE	0.06664055585861206
1342	LABEL_1	HATE	0.48458629846572876
1343	LABEL_0	HATE	0.17404764890670776
1344	LABEL_0	HATE	0.3707702159881592
1345	LABEL_1	HATE	0.42649567127227783
1346	LABEL_1	HATE	0.47172337770462036
1347	LABEL_1	HATE	0.2680233120918274
1348	LABEL_1	HATE	0.18073993921279907
1349	LABEL_1	HATE	0.31480520963668823
1350	LABEL_1	HATE	0.21859043836593628
1351	LABEL_1	HATE	0.30409783124923706
1352	LABEL_1	HATE	0.08209246397018433
1353	LABEL_1	HATE	0.14250385761260986
1354	LABEL_1	HATE	0.05984342098236084
1355	LABEL_1	HATE	0.13705724477767944
1356	LABEL_1	HATE	0.41311484575271606
1357	LABEL_0	HATE	0.4801953434944153
1358	LABEL_1	HATE	0.33742308616638184
1359	LABEL_1	HATE	0.3022422790527344
1360	LABEL_1	HATE	0.38691073656082153
1361	LABEL_1	HATE	0.27079081535339355
1362	LABEL_1	HATE	0.3394712805747986
1363	LABEL_1	HATE	0.15691125392913818
1364	LABEL_1	HATE	0.11633199453353882
1365	LABEL_1	HATE	0.06362771987915039
1366	LABEL_1	HATE	0.039468586444854736
1367	LABEL_1	HATE	0.06437581777572632
1368	LABEL_1	HATE	0.013342320919036865
1369	LABEL_1	HATE	0.05909717082977295
1370	LABEL_0	HATE	0.3463855981826782
1371	LABEL_0	HATE	0.08455580472946167
1372	LABEL_0	HATE	0.36832869052886963
1373	LABEL_1	HATE	0.44332921504974365
1374	LABEL_0	HATE	0.3591315746307373
1375	LABEL_1	HATE	0.32294750213623047
1376	LABEL_1	HATE	0.17331969738006592
1377	LABEL_1	HATE	0.4870709180831909
1378	LABEL_1	HATE	0.16627132892608643
1379	LABEL_1	HATE	0.18739432096481323
1380	LABEL_1	HATE	0.42550814151763916
1381	LABEL_1	HATE	0.1302548050880432
1382	LABEL_1	HATE	0.07826399803161621
1383	LABEL_1	HATE	0.2715165615081787
1384	LABEL_1	HATE	0.06277036666870117
1385	LABEL_1	HATE	0.004641592502593994
1386	LABEL_1	HATE	0.002084672451019287
1387	LABEL_1	HATE	0.003610968589782715
1388	LABEL_1	HATE	0.025664567947387695
1389	LABEL_1	HATE	0.0036134719848632812
1390	LABEL_1	HATE	0.0064389705657958984
1391	LABEL_1	HATE	0.4245275855064392
1392	LABEL_1	HATE	0.27447253465652466
1393	LABEL_1	HATE	0.13992661237716675
1394	LABEL_0	HATE	0.24617600440979004
1395	LABEL_1	HATE	0.3620365858078003
1396	LABEL_1	HATE	0.30692797899246216
1397	LABEL_1	HATE	0.2423723340034485
1398	LABEL_1	HATE	0.009202837944030762
1399	LABEL_1	HATE	0.09247279167175293
1400	LABEL_1	HATE	0.01808542013168335
1401	LABEL_1	HATE	0.07491284608840942
1402	LABEL_1	HATE	0.01448047161102295
1403	LABEL_1	HATE	0.016807973384857178
1404	LABEL_1	HATE	0.02160865068435669
1405	LABEL_1	HATE	0.17836564779281616
1406	LABEL_1	HATE	0.034603655338287354
1407	LABEL_1	HATE	0.02215290069580078
1408	LABEL_1	HATE	0.02777254581451416
1409	LABEL_1	HATE	0.012066662311553955
1410	LABEL_1	HATE	0.015877842903137207
1411	LABEL_1	HATE	0.016505658626556396
1412	LABEL_0	HATE	0.45699840784072876
1413	LABEL_0	HATE	0.23295551538467407
1414	LABEL_0	HATE	0.16586905717849731
1415	LABEL_0	HATE	0.3776816725730896
1416	LABEL_1	HATE	0.048233628273010254
1417	LABEL_1	HATE	0.08176404237747192
1418	LABEL_1	HATE	0.08743047714233398
1419	LABEL_0	HATE	0.015912234783172607
1420	LABEL_0	HATE	0.0028634071350097656
1421	LABEL_0	HATE	0.006805300712585449
1422	LABEL_0	HATE	0.00540536642074585
1423	LABEL_0	HATE	0.005567967891693115
1424	LABEL_0	HATE	0.007135748863220215
1425	LABEL_0	HATE	0.009705305099487305
1426	LABEL_0	HATE	0.17924535274505615
1427	LABEL_0	HATE	0.08847695589065552
1428	LABEL_0	HATE	0.20929348468780518
1429	LABEL_0	HATE	0.07819968461990356
1430	LABEL_0	HATE	0.3416392207145691
1431	LABEL_0	HATE	0.22019833326339722
1432	LABEL_0	HATE	0.3389657139778137
1433	LABEL_1	HATE	0.2698591351509094
1434	LABEL_1	HATE	0.34435349702835083
1435	LABEL_1	HATE	0.19201970100402832
1436	LABEL_1	HATE	0.14698851108551025
1437	LABEL_1	HATE	0.09797567129135132
1438	LABEL_1	HATE	0.04400700330734253
1439	LABEL_1	HATE	0.06576180458068848
1440	LABEL_0	HATE	0.20232945680618286
1441	LABEL_0	HATE	0.28091931343078613
1442	LABEL_0	HATE	0.4204697012901306
1443	LABEL_0	HATE	0.2402389645576477
1444	LABEL_0	HATE	0.44743746519088745
1445	LABEL_1	HATE	0.217323899269104
1446	LABEL_1	HATE	0.31791096925735474
1447	LABEL_1	HATE	0.1328827142715454
1448	LABEL_1	HATE	0.1267688274383545
1449	LABEL_1	HATE	0.1502702832221985
1450	LABEL_1	HATE	0.09684193134307861
1451	LABEL_1	HATE	0.08977639675140381
1452	LABEL_1	HATE	0.07821929454803467
1453	LABEL_1	HATE	0.13903284072875977
1454	LABEL_1	HATE	0.1206740140914917
1455	LABEL_1	HATE	0.09478610754013062
1456	LABEL_1	HATE	0.1262100338935852
1457	LABEL_1	HATE	0.07516473531723022
1458	LABEL_1	HATE	0.07673913240432739
1459	LABEL_1	HATE	0.023737788200378418
1460	LABEL_1	HATE	0.05042457580566406
1461	LABEL_1	HATE	0.23186451196670532
1462	LABEL_1	HATE	0.04834216833114624
1463	LABEL_1	HATE	0.09829699993133545
1464	LABEL_1	HATE	0.08461785316467285
1465	LABEL_1	HATE	0.05833953619003296
1466	LABEL_1	HATE	0.0851513147354126
1467	LABEL_1	HATE	0.061464786529541016
1468	LABEL_1	HATE	0.1852349042892456
1469	LABEL_1	HATE	0.2670876383781433
1470	LABEL_1	HATE	0.12496250867843628
1471	LABEL_1	HATE	0.4007837772369385
1472	LABEL_1	HATE	0.13746052980422974
1473	LABEL_1	HATE	0.31528300046920776
1474	LABEL_1	HATE	0.1863476037979126
1475	LABEL_0	HATE	0.18426525592803955
1476	LABEL_1	HATE	0.36126410961151123
1477	LABEL_1	HATE	0.3883267641067505
1478	LABEL_0	HATE	0.18425047397613525
1479	LABEL_0	HATE	0.2984297275543213
1480	LABEL_1	HATE	0.36007535457611084
1481	LABEL_1	HATE	0.35563981533050537
1482	LABEL_1	HATE	0.022284209728240967
1483	LABEL_1	HATE	0.008491873741149902
1484	LABEL_1	HATE	0.011917293071746826
1485	LABEL_1	HATE	0.009908318519592285
1486	LABEL_1	HATE	0.0064105987548828125
1487	LABEL_1	HATE	0.005881786346435547
1488	LABEL_1	HATE	0.010992646217346191
1489	LABEL_1	HATE	0.2465345859527588
1490	LABEL_1	HATE	0.0878610610961914
1491	LABEL_1	HATE	0.0783037543296814
1492	LABEL_0	HATE	0.3636127710342407
1493	LABEL_1	HATE	0.150865375995636
1494	LABEL_1	HATE	0.1433115005493164
1495	LABEL_1	HATE	0.12237322330474854
1496	LABEL_1	HATE	0.44805657863616943
1497	LABEL_1	HATE	0.284233033657074
1498	LABEL_1	HATE	0.4268339276313782
1499	LABEL_0	HATE	0.0948898196220398
1500	LABEL_1	HATE	0.19746005535125732
1501	LABEL_0	HATE	0.29642027616500854
1502	LABEL_1	HATE	0.15929371118545532
1503	LABEL_1	HATE	0.35163289308547974
1504	LABEL_1	HATE	0.19140243530273438
1505	LABEL_1	HATE	0.3896200656890869
1506	LABEL_0	HATE	0.07315409183502197
1507	LABEL_1	HATE	0.4194232225418091
1508	LABEL_1	HATE	0.40920621156692505
1509	LABEL_1	HATE	0.2554815411567688
1510	LABEL_1	HATE	0.27643632888793945
1511	LABEL_1	HATE	0.12548476457595825
1512	LABEL_1	HATE	0.2434757947921753
1513	LABEL_1	HATE	0.4584886431694031
1514	LABEL_0	HATE	0.3134705424308777
1515	LABEL_1	HATE	0.18091803789138794
1516	LABEL_1	HATE	0.29516172409057617
1517	LABEL_1	HATE	0.07320833206176758
1518	LABEL_1	HATE	0.04201793670654297
1519	LABEL_1	HATE	0.13273131847381592
1520	LABEL_1	HATE	0.09470540285110474
1521	LABEL_0	HATE	0.40792763233184814
1522	LABEL_1	HATE	0.048805832862854004
1523	LABEL_1	HATE	0.06292074918746948
1524	LABEL_0	HATE	0.3724614977836609
1525	LABEL_1	HATE	0.3212054967880249
1526	LABEL_1	HATE	0.4128522276878357
1527	LABEL_1	HATE	0.06336009502410889
1528	LABEL_0	HATE	0.45752692222595215
1529	LABEL_1	HATE	0.057240426540374756
1530	LABEL_1	HATE	0.09069830179214478
1531	LABEL_1	HATE	0.09876161813735962
1532	LABEL_1	HATE	0.04581344127655029
1533	LABEL_1	HATE	0.03848916292190552
1534	LABEL_1	HATE	0.02554994821548462
1535	LABEL_1	HATE	0.03290712833404541
1536	LABEL_1	HATE	0.01058119535446167
1537	LABEL_1	HATE	0.04274994134902954
1538	LABEL_1	HATE	0.07710999250411987
1539	LABEL_1	HATE	0.03401899337768555
1540	LABEL_1	HATE	0.028618037700653076
1541	LABEL_1	HATE	0.029148757457733154
1542	LABEL_1	HATE	0.021282613277435303
1543	LABEL_1	HATE	0.023698151111602783
1544	LABEL_1	HATE	0.02700573205947876
1545	LABEL_1	HATE	0.23628371953964233
1546	LABEL_1	HATE	0.02539616823196411
1547	LABEL_1	HATE	0.021851062774658203
1548	LABEL_1	HATE	0.01529020071029663
1549	LABEL_1	HATE	0.04991793632507324
1550	LABEL_1	HATE	0.05742579698562622
1551	LABEL_1	HATE	0.08372557163238525
1552	LABEL_0	HATE	0.31598591804504395
1553	LABEL_1	HATE	0.05305713415145874
1554	LABEL_1	HATE	0.0888562798500061
1555	LABEL_1	HATE	0.48793691396713257
1556	LABEL_1	HATE	0.05013275146484375
1557	LABEL_1	HATE	0.15752971172332764
1558	LABEL_1	HATE	0.09429705142974854
1559	LABEL_0	HATE	0.02722877264022827
1560	LABEL_0	HATE	0.13117164373397827
1561	LABEL_0	HATE	0.15115946531295776
1562	LABEL_0	HATE	0.02160578966140747
1563	LABEL_0	HATE	0.01826310157775879
1564	LABEL_0	HATE	0.034837424755096436
1565	LABEL_0	HATE	0.0278623104095459
1566	LABEL_0	HATE	0.412558913230896
1567	LABEL_1	HATE	0.02654963731765747
1568	LABEL_1	HATE	0.011461973190307617
1569	LABEL_1	HATE	0.044539570808410645
1570	LABEL_1	HATE	0.01483684778213501
1571	LABEL_1	HATE	0.10058867931365967
1572	LABEL_1	HATE	0.07528436183929443
1573	LABEL_1	HATE	0.20118534564971924
1574	LABEL_1	HATE	0.007015824317932129
1575	LABEL_1	HATE	0.014070689678192139
1576	LABEL_1	HATE	0.024954617023468018
1577	LABEL_1	HATE	0.018398642539978027
1578	LABEL_1	HATE	0.024048209190368652
1579	LABEL_1	HATE	0.05156809091567993
1580	LABEL_1	HATE	0.1557673215866089
1581	LABEL_1	HATE	0.16964471340179443
1582	LABEL_1	HATE	0.059779465198516846
1583	LABEL_1	HATE	0.14055752754211426
1584	LABEL_1	HATE	0.06662195920944214
1585	LABEL_1	HATE	0.11669844388961792
1586	LABEL_1	HATE	0.07669705152511597
1587	LABEL_0	HATE	0.22599464654922485
1588	LABEL_0	HATE	0.11654460430145264
1589	LABEL_0	HATE	0.2920340895652771
1590	LABEL_0	HATE	0.303896963596344
1591	LABEL_0	HATE	0.49050045013427734
1592	LABEL_0	HATE	0.33703798055648804
1593	LABEL_0	HATE	0.48826688528060913
1594	LABEL_0	HATE	0.057369112968444824
1595	LABEL_0	HATE	0.015317440032958984
1596	LABEL_0	HATE	0.10849368572235107
1597	LABEL_0	HATE	0.016235530376434326
1598	LABEL_0	HATE	0.042648911476135254
1599	LABEL_0	HATE	0.09187150001525879
1600	LABEL_0	HATE	0.3967730402946472
1601	LABEL_1	HATE	0.24180811643600464
1602	LABEL_1	HATE	0.4777524471282959
1603	LABEL_1	HATE	0.2832760214805603
1604	LABEL_1	HATE	0.11128908395767212
1605	LABEL_1	HATE	0.15464723110198975
1606	LABEL_1	HATE	0.11767268180847168
1607	LABEL_1	HATE	0.14960432052612305
1608	LABEL_0	HATE	0.4482882618904114
1609	LABEL_0	HATE	0.3652101755142212
1610	LABEL_1	HATE	0.40620654821395874
1611	LABEL_0	HATE	0.4259825348854065
1612	LABEL_0	HATE	0.4973795413970947
1613	LABEL_1	HATE	0.4353903532028198
1614	LABEL_0	HATE	0.4496893882751465
1615	LABEL_0	HATE	0.004229128360748291
1616	LABEL_0	HATE	0.0016420483589172363
1617	LABEL_0	HATE	0.0035190582275390625
1618	LABEL_0	HATE	0.0027274489402770996
1619	LABEL_0	HATE	0.0028836727142333984
1620	LABEL_0	HATE	0.0031142830848693848
1621	LABEL_0	HATE	0.005842328071594238
1622	LABEL_0	HATE	0.49741077423095703
1623	LABEL_0	HATE	0.15197664499282837
1624	LABEL_0	HATE	0.19918078184127808
1625	LABEL_0	HATE	0.41594409942626953
1626	LABEL_0	HATE	0.2616303563117981
1627	LABEL_1	HATE	0.38504737615585327
1628	LABEL_0	HATE	0.4501051902770996
1629	LABEL_0	HATE	0.3235207796096802
1630	LABEL_0	HATE	0.20127832889556885
1631	LABEL_0	HATE	0.3773126006126404
1632	LABEL_0	HATE	0.3866925835609436
1633	LABEL_0	HATE	0.4292703866958618
1634	LABEL_1	HATE	0.3541165590286255
1635	LABEL_0	HATE	0.29879337549209595
1636	LABEL_1	HATE	0.1566902995109558
1637	LABEL_1	HATE	0.122836172580719
1638	LABEL_1	HATE	0.09181231260299683
1639	LABEL_1	HATE	0.11638301610946655
1640	LABEL_1	HATE	0.05592083930969238
1641	LABEL_1	HATE	0.026425600051879883
1642	LABEL_1	HATE	0.03502863645553589
1643	LABEL_0	HATE	0.015307426452636719
1644	LABEL_0	HATE	0.007726728916168213
1645	LABEL_0	HATE	0.016526401042938232
1646	LABEL_0	HATE	0.010936319828033447
1647	LABEL_0	HATE	0.008848607540130615
1648	LABEL_0	HATE	0.008807957172393799
1649	LABEL_0	HATE	0.016023755073547363
1650	LABEL_1	HATE	0.2666431665420532
1651	LABEL_1	HATE	0.16652405261993408
1652	LABEL_1	HATE	0.0917435884475708
1653	LABEL_1	HATE	0.1218600869178772
1654	LABEL_1	HATE	0.1848955750465393
1655	LABEL_1	HATE	0.028554260730743408
1656	LABEL_1	HATE	0.1345544457435608
1657	LABEL_1	HATE	0.3636012077331543
1658	LABEL_1	HATE	0.2363874316215515
1659	LABEL_1	HATE	0.020933687686920166
1660	LABEL_1	HATE	0.28210359811782837
1661	LABEL_1	HATE	0.18837308883666992
1662	LABEL_1	HATE	0.1060451865196228
1663	LABEL_1	HATE	0.1250181794166565
1664	LABEL_1	HATE	0.22980588674545288
1665	LABEL_1	HATE	0.024573981761932373
1666	LABEL_1	HATE	0.005959808826446533
1667	LABEL_1	HATE	0.055791497230529785
1668	LABEL_1	HATE	0.02947908639907837
1669	LABEL_1	HATE	0.010907292366027832
1670	LABEL_1	HATE	0.005439817905426025
1671	LABEL_0	HATE	0.4244006872177124
1672	LABEL_1	HATE	0.21155303716659546
1673	LABEL_1	HATE	0.2099894881248474
1674	LABEL_1	HATE	0.022580742835998535
1675	LABEL_1	HATE	0.1773335337638855
1676	LABEL_1	HATE	0.020412445068359375
1677	LABEL_1	HATE	0.1861540675163269
1678	LABEL_0	HATE	0.0640745759010315
1679	LABEL_0	HATE	0.025707900524139404
1680	LABEL_0	HATE	0.07470786571502686
1681	LABEL_0	HATE	0.011771202087402344
1682	LABEL_0	HATE	0.015049934387207031
1683	LABEL_0	HATE	0.030433714389801025
1684	LABEL_0	HATE	0.02508401870727539
1685	LABEL_1	HATE	0.1212800145149231
1686	LABEL_1	HATE	0.09437990188598633
1687	LABEL_1	HATE	0.010650217533111572
1688	LABEL_1	HATE	0.031707763671875
1689	LABEL_1	HATE	0.04959601163864136
1690	LABEL_1	HATE	0.09738761186599731
1691	LABEL_1	HATE	0.14648181200027466
1692	LABEL_0	HATE	0.12805980443954468
1693	LABEL_0	HATE	0.12164300680160522
1694	LABEL_0	HATE	0.4363921880722046
1695	LABEL_0	HATE	0.05179375410079956
1696	LABEL_1	HATE	0.3067248463630676
1697	LABEL_0	HATE	0.3302904963493347
1698	LABEL_0	HATE	0.2848181128501892
1699	LABEL_0	HATE	0.03559631109237671
1700	LABEL_0	HATE	0.005727529525756836
1701	LABEL_0	HATE	0.008875846862792969
1702	LABEL_0	HATE	0.014591634273529053
1703	LABEL_0	HATE	0.020763397216796875
1704	LABEL_0	HATE	0.01410973072052002
1705	LABEL_0	HATE	0.013910651206970215
1706	LABEL_0	HATE	0.2121613621711731
1707	LABEL_0	HATE	0.05739790201187134
1708	LABEL_0	HATE	0.13221001625061035
1709	LABEL_0	HATE	0.19085216522216797
1710	LABEL_0	HATE	0.11416471004486084
1711	LABEL_0	HATE	0.24796992540359497
1712	LABEL_0	HATE	0.18642276525497437
1713	LABEL_0	HATE	0.27494609355926514
1714	LABEL_0	HATE	0.05252695083618164
1715	LABEL_0	HATE	0.06132388114929199
1716	LABEL_0	HATE	0.05768537521362305
1717	LABEL_0	HATE	0.12465327978134155
1718	LABEL_0	HATE	0.07717597484588623
1719	LABEL_0	HATE	0.11588490009307861
1720	LABEL_1	HATE	0.12401676177978516
1721	LABEL_1	HATE	0.014030039310455322
1722	LABEL_1	HATE	0.023081719875335693
1723	LABEL_1	HATE	0.013752162456512451
1724	LABEL_1	HATE	0.023847997188568115
1725	LABEL_1	HATE	0.007895231246948242
1726	LABEL_1	HATE	0.02340763807296753
1727	LABEL_0	HATE	0.40992939472198486
1728	LABEL_0	HATE	0.15026813745498657
1729	LABEL_0	HATE	0.2762807011604309
1730	LABEL_0	HATE	0.3182904124259949
1731	LABEL_0	HATE	0.17934250831604004
1732	LABEL_1	HATE	0.4726373553276062
1733	LABEL_1	HATE	0.36940526962280273
1734	LABEL_0	HATE	0.34243905544281006
1735	LABEL_0	HATE	0.03975588083267212
1736	LABEL_0	HATE	0.09887582063674927
1737	LABEL_0	HATE	0.2551061511039734
1738	LABEL_0	HATE	0.13050752878189087
1739	LABEL_0	HATE	0.31641101837158203
1740	LABEL_0	HATE	0.46462398767471313
1741	LABEL_1	HATE	0.368389368057251
1742	LABEL_1	HATE	0.4595578908920288
1743	LABEL_0	HATE	0.294079065322876
1744	LABEL_1	HATE	0.38350731134414673
1745	LABEL_0	HATE	0.3150637745857239
1746	LABEL_1	HATE	0.11066359281539917
1747	LABEL_1	HATE	0.39123648405075073
1748	LABEL_1	HATE	0.2706760764122009
1749	LABEL_1	HATE	0.1546453833580017
1750	LABEL_1	HATE	0.21860849857330322
1751	LABEL_1	HATE	0.12818121910095215
1752	LABEL_1	HATE	0.10459625720977783
1753	LABEL_1	HATE	0.048166751861572266
1754	LABEL_1	HATE	0.18391120433807373
1755	LABEL_1	HATE	0.06009560823440552
1756	LABEL_1	HATE	0.016543686389923096
1757	LABEL_1	HATE	0.011224508285522461
1758	LABEL_1	HATE	0.009388625621795654
1759	LABEL_1	HATE	0.020733654499053955
1760	LABEL_1	HATE	0.002424299716949463
1761	LABEL_1	HATE	0.009099364280700684
1762	LABEL_1	HATE	0.15845650434494019
1763	LABEL_1	HATE	0.14254027605056763
1764	LABEL_1	HATE	0.1757798194885254
1765	LABEL_1	HATE	0.024989724159240723
1766	LABEL_1	HATE	0.07786232233047485
1767	LABEL_1	HATE	0.026303112506866455
1768	LABEL_1	HATE	0.05756950378417969
1769	LABEL_1	HATE	0.050032079219818115
1770	LABEL_1	HATE	0.03993690013885498
1771	LABEL_1	HATE	0.031025707721710205
1772	LABEL_1	HATE	0.008466780185699463
1773	LABEL_1	HATE	0.03960448503494263
1774	LABEL_1	HATE	0.005696296691894531
1775	LABEL_1	HATE	0.025702476501464844
1776	LABEL_1	HATE	0.47856462001800537
1777	LABEL_1	HATE	0.19178074598312378
1778	LABEL_1	HATE	0.1110573410987854
1779	LABEL_1	HATE	0.19377070665359497
1780	LABEL_1	HATE	0.20675259828567505
1781	LABEL_1	HATE	0.11670339107513428
1782	LABEL_1	HATE	0.09313195943832397
1783	LABEL_1	HATE	0.26225513219833374
1784	LABEL_1	HATE	0.4209776520729065
1785	LABEL_1	HATE	0.2123335599899292
1786	LABEL_1	HATE	0.010205686092376709
1787	LABEL_1	HATE	0.105587899684906
1788	LABEL_1	HATE	0.04600799083709717
1789	LABEL_1	HATE	0.029100656509399414
1790	LABEL_0	HATE	0.3451915979385376
1791	LABEL_0	HATE	0.4360849857330322
1792	LABEL_0	HATE	0.44001877307891846
1793	LABEL_0	HATE	0.1560336947441101
1794	LABEL_0	HATE	0.3284701108932495
1795	LABEL_0	HATE	0.18619030714035034
1796	LABEL_1	HATE	0.3795771598815918
1797	LABEL_1	HATE	0.0032529830932617188
1798	LABEL_1	HATE	0.00230330228805542
1799	LABEL_1	HATE	0.000951230525970459
1800	LABEL_1	HATE	0.0037747621536254883
1801	LABEL_1	HATE	0.0032291412353515625
1802	LABEL_1	HATE	0.0025315284729003906
1803	LABEL_1	HATE	0.002944469451904297
1804	LABEL_1	HATE	0.08602964878082275
1805	LABEL_1	HATE	0.09148824214935303
1806	LABEL_1	HATE	0.015016734600067139
1807	LABEL_1	HATE	0.27507370710372925
1808	LABEL_1	HATE	0.07335883378982544
1809	LABEL_1	HATE	0.02434474229812622
1810	LABEL_1	HATE	0.019325077533721924
1811	LABEL_1	HATE	0.3418744206428528
1812	LABEL_1	HATE	0.034002065658569336
1813	LABEL_1	HATE	0.026313722133636475
1814	LABEL_1	HATE	0.007836222648620605
1815	LABEL_1	HATE	0.05278104543685913
1816	LABEL_1	HATE	0.007950365543365479
1817	LABEL_1	HATE	0.08090800046920776
1818	LABEL_1	HATE	0.09030371904373169
1819	LABEL_1	HATE	0.0146750807762146
1820	LABEL_1	HATE	0.013102829456329346
1821	LABEL_1	HATE	0.01860833168029785
1822	LABEL_1	HATE	0.014290452003479004
1823	LABEL_1	HATE	0.014348745346069336
1824	LABEL_1	HATE	0.016280055046081543
1825	LABEL_1	HATE	0.09775012731552124
1826	LABEL_1	HATE	0.04409545660018921
1827	LABEL_1	HATE	0.009678542613983154
1828	LABEL_1	HATE	0.0192529559135437
1829	LABEL_1	HATE	0.011608541011810303
1830	LABEL_1	HATE	0.022116899490356445
1831	LABEL_1	HATE	0.025265276432037354
1832	LABEL_1	HATE	0.08852517604827881
1833	LABEL_1	HATE	0.006358087062835693
1834	LABEL_1	HATE	0.0032791495323181152
1835	LABEL_1	HATE	0.01750469207763672
1836	LABEL_1	HATE	0.016061067581176758
1837	LABEL_1	HATE	0.00871199369430542
1838	LABEL_1	HATE	0.009947001934051514
1839	LABEL_0	HATE	0.4026991128921509
1840	LABEL_0	HATE	0.30890095233917236
1841	LABEL_0	HATE	0.3539047837257385
1842	LABEL_0	HATE	0.3506275415420532
1843	LABEL_0	HATE	0.473318874835968
1844	LABEL_1	HATE	0.10059446096420288
1845	LABEL_1	HATE	0.03001272678375244
1846	LABEL_1	HATE	0.14378869533538818
1847	LABEL_1	HATE	0.11120492219924927
1848	LABEL_1	HATE	0.14868944883346558
1849	LABEL_1	HATE	0.030973315238952637
1850	LABEL_1	HATE	0.03315359354019165
1851	LABEL_1	HATE	0.0077828168869018555
1852	LABEL_1	HATE	0.03568333387374878
1853	LABEL_1	HATE	0.18937069177627563
1854	LABEL_1	HATE	0.0837363600730896
1855	LABEL_1	HATE	0.15665167570114136
1856	LABEL_1	HATE	0.31286782026290894
1857	LABEL_1	HATE	0.11766207218170166
1858	LABEL_1	HATE	0.0189475417137146
1859	LABEL_1	HATE	0.09078162908554077
1860	LABEL_0	HATE	0.11404484510421753
1861	LABEL_0	HATE	0.00811833143234253
1862	LABEL_0	HATE	0.043771207332611084
1863	LABEL_0	HATE	0.044982969760894775
1864	LABEL_0	HATE	0.3552877902984619
1865	LABEL_0	HATE	0.015844345092773438
1866	LABEL_0	HATE	0.1770380139350891
1867	LABEL_0	HATE	0.0657501220703125
1868	LABEL_0	HATE	0.02243882417678833
1869	LABEL_0	HATE	0.06666934490203857
1870	LABEL_0	HATE	0.012746155261993408
1871	LABEL_0	HATE	0.11740773916244507
1872	LABEL_0	HATE	0.013531327247619629
1873	LABEL_0	HATE	0.03925442695617676
1874	LABEL_0	HATE	0.44145750999450684
1875	LABEL_0	HATE	0.36506032943725586
1876	LABEL_0	HATE	0.3831639289855957
1877	LABEL_0	HATE	0.12932127714157104
1878	LABEL_0	HATE	0.22740089893341064
1879	LABEL_1	HATE	0.40360552072525024
1880	LABEL_1	HATE	0.23299503326416016
1881	LABEL_1	HATE	0.4175626039505005
1882	LABEL_1	HATE	0.24106532335281372
1883	LABEL_1	HATE	0.18627005815505981
1884	LABEL_1	HATE	0.09958994388580322
1885	LABEL_1	HATE	0.2171887755393982
1886	LABEL_1	HATE	0.31912314891815186
1887	LABEL_1	HATE	0.40118175745010376
1888	LABEL_0	HATE	0.30306684970855713
1889	LABEL_0	HATE	0.05465900897979736
1890	LABEL_0	HATE	0.07908838987350464
1891	LABEL_0	HATE	0.1037834882736206
1892	LABEL_1	HATE	0.41258758306503296
1893	LABEL_0	HATE	0.15928786993026733
1894	LABEL_1	HATE	0.31955963373184204
1895	LABEL_0	HATE	0.03423362970352173
1896	LABEL_0	HATE	0.004624485969543457
1897	LABEL_0	HATE	0.01781708002090454
1898	LABEL_0	HATE	0.010427653789520264
1899	LABEL_0	HATE	0.02464240789413452
1900	LABEL_0	HATE	0.007705211639404297
1901	LABEL_0	HATE	0.018428504467010498
1902	LABEL_1	HATE	0.2194451093673706
1903	LABEL_1	HATE	0.19687306880950928
1904	LABEL_1	HATE	0.12682092189788818
1905	LABEL_1	HATE	0.043640732765197754
1906	LABEL_1	HATE	0.02639162540435791
1907	LABEL_1	HATE	0.055056869983673096
1908	LABEL_1	HATE	0.1306840181350708
1909	LABEL_0	HATE	0.19012606143951416
1910	LABEL_0	HATE	0.10521984100341797
1911	LABEL_0	HATE	0.12865477800369263
1912	LABEL_0	HATE	0.060103416442871094
1913	LABEL_0	HATE	0.15347248315811157
1914	LABEL_0	HATE	0.27557504177093506
1915	LABEL_0	HATE	0.21474981307983398
1916	LABEL_0	HATE	0.23476463556289673
1917	LABEL_1	HATE	0.23880189657211304
1918	LABEL_1	HATE	0.2819598913192749
1919	LABEL_1	HATE	0.4199450612068176
1920	LABEL_1	HATE	0.13770192861557007
1921	LABEL_1	HATE	0.31666696071624756
1922	LABEL_1	HATE	0.24457919597625732
1923	LABEL_0	HATE	0.017349421977996826
1924	LABEL_0	HATE	0.05916488170623779
1925	LABEL_0	HATE	0.02308189868927002
1926	LABEL_0	HATE	0.059506893157958984
1927	LABEL_0	HATE	0.29672592878341675
1928	LABEL_0	HATE	0.19226199388504028
1929	LABEL_0	HATE	0.12506318092346191
1930	LABEL_0	HATE	0.06693387031555176
1931	LABEL_0	HATE	0.06328517198562622
1932	LABEL_0	HATE	0.05105823278427124
1933	LABEL_0	HATE	0.18215709924697876
1934	LABEL_0	HATE	0.0850934386253357
1935	LABEL_0	HATE	0.260986328125
1936	LABEL_0	HATE	0.16577613353729248
1937	LABEL_0	HATE	0.007767319679260254
1938	LABEL_0	HATE	0.02164071798324585
1939	LABEL_0	HATE	0.04026991128921509
1940	LABEL_0	HATE	0.026257455348968506
1941	LABEL_0	HATE	0.05644392967224121
1942	LABEL_0	HATE	0.07073765993118286
1943	LABEL_0	HATE	0.15184563398361206
1944	LABEL_0	HATE	0.00289076566696167
1945	LABEL_0	HATE	0.1303941011428833
1946	LABEL_0	HATE	0.006506979465484619
1947	LABEL_0	HATE	0.00606304407119751
1948	LABEL_0	HATE	0.030837178230285645
1949	LABEL_0	HATE	0.15505558252334595
1950	LABEL_0	HATE	0.022737443447113037
1951	LABEL_1	HATE	0.33688801527023315
1952	LABEL_1	HATE	0.15536510944366455
1953	LABEL_1	HATE	0.023624300956726074
1954	LABEL_1	HATE	0.28846412897109985
1955	LABEL_1	HATE	0.1632136106491089
1956	LABEL_1	HATE	0.032887160778045654
1957	LABEL_1	HATE	0.03814893960952759
1958	LABEL_0	HATE	0.01532900333404541
1959	LABEL_0	HATE	0.0204584002494812
1960	LABEL_0	HATE	0.0340723991394043
1961	LABEL_0	HATE	0.005273759365081787
1962	LABEL_0	HATE	0.06544393301010132
1963	LABEL_0	HATE	0.23298126459121704
1964	LABEL_0	HATE	0.11347848176956177
1965	LABEL_0	HATE	0.20170634984970093
1966	LABEL_0	HATE	0.3195512890815735
1967	LABEL_1	HATE	0.4435960054397583
1968	LABEL_1	HATE	0.2894013524055481
1969	LABEL_1	HATE	0.2889649271965027
1970	LABEL_1	HATE	0.1362009048461914
1971	LABEL_1	HATE	0.12335860729217529
1972	LABEL_0	HATE	0.10926276445388794
1973	LABEL_0	HATE	0.0642707347869873
1974	LABEL_0	HATE	0.2514955401420593
1975	LABEL_0	HATE	0.30579614639282227
1976	LABEL_1	HATE	0.40045326948165894
1977	LABEL_0	HATE	0.17396390438079834
1978	LABEL_0	HATE	0.2650425434112549
1979	LABEL_1	HATE	0.1976790428161621
1980	LABEL_1	HATE	0.167697012424469
1981	LABEL_1	HATE	0.2211112380027771
1982	LABEL_1	HATE	0.26123881340026855
1983	LABEL_1	HATE	0.19838398694992065
1984	LABEL_1	HATE	0.008414983749389648
1985	LABEL_1	HATE	0.06223994493484497
1986	LABEL_1	HATE	0.3393855094909668
1987	LABEL_0	HATE	0.41605520248413086
1988	LABEL_0	HATE	0.4801292419433594
1989	LABEL_1	HATE	0.35779285430908203
1990	LABEL_1	HATE	0.32485926151275635
1991	LABEL_1	HATE	0.05883443355560303
1992	LABEL_1	HATE	0.07328319549560547
1993	LABEL_0	HATE	0.02861642837524414
1994	LABEL_0	HATE	0.0035230517387390137
1995	LABEL_0	HATE	0.008611857891082764
1996	LABEL_0	HATE	0.008005976676940918
1997	LABEL_0	HATE	0.010459482669830322
1998	LABEL_0	HATE	0.014661431312561035
1999	LABEL_0	HATE	0.03481709957122803
2000	LABEL_0	HATE	0.005757510662078857
2001	LABEL_0	HATE	0.0011535882949829102
2002	LABEL_0	HATE	0.0045691728591918945
2003	LABEL_0	HATE	0.002330958843231201
2004	LABEL_0	HATE	0.009634673595428467
2005	LABEL_0	HATE	0.023477911949157715
2006	LABEL_0	HATE	0.012614846229553223
2007	LABEL_0	HATE	0.001039266586303711
2008	LABEL_0	HATE	0.00091552734375
2009	LABEL_0	HATE	0.0018495917320251465
2010	LABEL_0	HATE	0.0008260607719421387
2011	LABEL_0	HATE	0.00275421142578125
2012	LABEL_0	HATE	0.002579808235168457
2013	LABEL_0	HATE	0.0029799342155456543
2014	LABEL_1	HATE	0.23610782623291016
2015	LABEL_1	HATE	0.25165456533432007
2016	LABEL_1	HATE	0.123820960521698
2017	LABEL_1	HATE	0.3006083369255066
2018	LABEL_1	HATE	0.48201799392700195
2019	LABEL_1	HATE	0.3638538122177124
2020	LABEL_1	HATE	0.12560665607452393
2021	LABEL_1	HATE	0.2776558995246887
2022	LABEL_1	HATE	0.14828526973724365
2023	LABEL_1	HATE	0.20181167125701904
2024	LABEL_1	HATE	0.10763925313949585
2025	LABEL_1	HATE	0.27816933393478394
2026	LABEL_1	HATE	0.04554539918899536
2027	LABEL_0	HATE	0.42424774169921875
2028	LABEL_0	HATE	0.16064506769180298
2029	LABEL_0	HATE	0.04281812906265259
2030	LABEL_0	HATE	0.13825130462646484
2031	LABEL_0	HATE	0.11111938953399658
2032	LABEL_0	HATE	0.026305854320526123
2033	LABEL_0	HATE	0.21339046955108643
2034	LABEL_0	HATE	0.4346059560775757
2035	LABEL_0	HATE	0.0849880576133728
2036	LABEL_0	HATE	0.002111494541168213
2037	LABEL_0	HATE	0.012199044227600098
2038	LABEL_0	HATE	0.009119987487792969
2039	LABEL_0	HATE	0.011860907077789307
2040	LABEL_0	HATE	0.029662787914276123
2041	LABEL_0	HATE	0.024723708629608154
2042	LABEL_1	HATE	0.30153214931488037
2043	LABEL_1	HATE	0.29835301637649536
2044	LABEL_1	HATE	0.1486823558807373
2045	LABEL_1	HATE	0.49067461490631104
2046	LABEL_1	HATE	0.35912418365478516
2047	LABEL_1	HATE	0.06336438655853271
2048	LABEL_1	HATE	0.06307876110076904
2049	LABEL_1	HATE	0.11968952417373657
2050	LABEL_1	HATE	0.18079358339309692
2051	LABEL_1	HATE	0.12292778491973877
2052	LABEL_1	HATE	0.32996100187301636
2053	LABEL_1	HATE	0.4612588882446289
2054	LABEL_1	HATE	0.031164586544036865
2055	LABEL_1	HATE	0.2800256013870239
2056	LABEL_1	HATE	0.20737779140472412
2057	LABEL_1	HATE	0.08876943588256836
2058	LABEL_1	HATE	0.0845252275466919
2059	LABEL_1	HATE	0.15215015411376953
2060	LABEL_1	HATE	0.21392107009887695
2061	LABEL_1	HATE	0.10054969787597656
2062	LABEL_0	HATE	0.4900035262107849
2063	LABEL_1	HATE	0.3395753502845764
2064	LABEL_1	HATE	0.4097135663032532
2065	LABEL_1	HATE	0.20123153924942017
2066	LABEL_0	HATE	0.35488641262054443
2067	LABEL_1	HATE	0.46211254596710205
2068	LABEL_1	HATE	0.42350202798843384
2069	LABEL_1	HATE	0.2775527834892273
2070	LABEL_0	HATE	0.2862766981124878
2071	LABEL_0	HATE	0.09922283887863159
2072	LABEL_0	HATE	0.054511845111846924
2073	LABEL_0	HATE	0.1812303066253662
2074	LABEL_0	HATE	0.04401421546936035
2075	LABEL_0	HATE	0.09108608961105347
2076	LABEL_0	HATE	0.2979319095611572
2077	LABEL_0	HATE	0.19836682081222534
2078	LABEL_0	HATE	0.0997115969657898
2079	LABEL_0	HATE	0.09687274694442749
2080	LABEL_0	HATE	0.21027898788452148
2081	LABEL_0	HATE	0.057995736598968506
2082	LABEL_0	HATE	0.09819304943084717
2083	LABEL_0	HATE	0.2922859787940979
2084	LABEL_1	HATE	0.3945680260658264
2085	LABEL_1	HATE	0.2054455280303955
2086	LABEL_1	HATE	0.1476588249206543
2087	LABEL_0	HATE	0.42568641901016235
2088	LABEL_1	HATE	0.17385220527648926
2089	LABEL_1	HATE	0.11190801858901978
2090	LABEL_1	HATE	0.19564545154571533
2091	LABEL_0	HATE	0.02055060863494873
2092	LABEL_0	HATE	0.01983863115310669
2093	LABEL_0	HATE	0.22850531339645386
2094	LABEL_0	HATE	0.006964921951293945
2095	LABEL_0	HATE	0.018932044506072998
2096	LABEL_0	HATE	0.2334619164466858
2097	LABEL_0	HATE	0.08863985538482666
2098	LABEL_1	HATE	0.0027130842208862305
2099	LABEL_1	HATE	0.0012407302856445312
2100	LABEL_1	HATE	0.0007253289222717285
2101	LABEL_1	HATE	0.0014693737030029297
2102	LABEL_1	HATE	0.0020491480827331543
2103	LABEL_1	HATE	0.0011101365089416504
2104	LABEL_1	HATE	0.0010127425193786621
2105	LABEL_0	HATE	0.4289058446884155
2106	LABEL_0	HATE	0.11843514442443848
2107	LABEL_0	HATE	0.12092804908752441
2108	LABEL_0	HATE	0.2086958885192871
2109	LABEL_0	HATE	0.08736258745193481
2110	LABEL_0	HATE	0.11219269037246704
2111	LABEL_0	HATE	0.05836820602416992
2112	LABEL_0	HATE	0.4747609496116638
2113	LABEL_1	HATE	0.13201802968978882
2114	LABEL_1	HATE	0.2907599210739136
2115	LABEL_1	HATE	0.31125015020370483
2116	LABEL_1	HATE	0.09679418802261353
2117	LABEL_1	HATE	0.17423087358474731
2118	LABEL_1	HATE	0.28580617904663086
2119	LABEL_0	HATE	0.3985300660133362
2120	LABEL_0	HATE	0.3494497537612915
2121	LABEL_0	HATE	0.410892128944397
2122	LABEL_0	HATE	0.29292547702789307
2123	LABEL_0	HATE	0.3039482831954956
2124	LABEL_1	HATE	0.37090426683425903
2125	LABEL_1	HATE	0.3705214858055115
2126	LABEL_0	HATE	0.4064655303955078
2127	LABEL_0	HATE	0.28750258684158325
2128	LABEL_0	HATE	0.23681867122650146
2129	LABEL_0	HATE	0.25611376762390137
2130	LABEL_0	HATE	0.27887916564941406
2131	LABEL_0	HATE	0.26503682136535645
2132	LABEL_0	HATE	0.36718684434890747
2133	LABEL_1	HATE	0.08382052183151245
2134	LABEL_1	HATE	0.10337549448013306
2135	LABEL_1	HATE	0.1668803095817566
2136	LABEL_1	HATE	0.10268563032150269
2137	LABEL_1	HATE	0.08934628963470459
2138	LABEL_1	HATE	0.02295529842376709
2139	LABEL_1	HATE	0.08508318662643433
2140	LABEL_1	HATE	0.44840580224990845
2141	LABEL_1	HATE	0.4487330913543701
2142	LABEL_1	HATE	0.40265780687332153
2143	LABEL_1	HATE	0.47365617752075195
2144	LABEL_1	HATE	0.217609703540802
2145	LABEL_1	HATE	0.09627699851989746
2146	LABEL_1	HATE	0.15517973899841309
2147	LABEL_0	HATE	0.016827940940856934
2148	LABEL_0	HATE	0.007567048072814941
2149	LABEL_0	HATE	0.222680926322937
2150	LABEL_0	HATE	0.01353365182876587
2151	LABEL_0	HATE	0.01061248779296875
2152	LABEL_0	HATE	0.0512050986289978
2153	LABEL_0	HATE	0.08574867248535156
2154	LABEL_0	HATE	0.03481537103652954
2155	LABEL_0	HATE	0.004562795162200928
2156	LABEL_0	HATE	0.025733590126037598
2157	LABEL_0	HATE	0.017529845237731934
2158	LABEL_0	HATE	0.024053573608398438
2159	LABEL_1	HATE	0.49805861711502075
2160	LABEL_1	HATE	0.4656726121902466
2161	LABEL_1	HATE	0.11252671480178833
2162	LABEL_1	HATE	0.04840648174285889
2163	LABEL_1	HATE	0.15802085399627686
2164	LABEL_1	HATE	0.18243032693862915
2165	LABEL_1	HATE	0.10764265060424805
2166	LABEL_1	HATE	0.07802349328994751
2167	LABEL_1	HATE	0.15243935585021973
2168	LABEL_0	HATE	0.08927124738693237
2169	LABEL_0	HATE	0.019353747367858887
2170	LABEL_0	HATE	0.043382227420806885
2171	LABEL_0	HATE	0.022813796997070312
2172	LABEL_0	HATE	0.014074146747589111
2173	LABEL_0	HATE	0.0710260272026062
2174	LABEL_0	HATE	0.05802261829376221
2175	LABEL_1	HATE	0.12380421161651611
2176	LABEL_1	HATE	0.08608394861221313
2177	LABEL_1	HATE	0.07376658916473389
2178	LABEL_1	HATE	0.0927877426147461
2179	LABEL_1	HATE	0.14234614372253418
2180	LABEL_1	HATE	0.05125904083251953
2181	LABEL_1	HATE	0.10655725002288818
2182	LABEL_0	HATE	0.30580681562423706
2183	LABEL_0	HATE	0.48866528272628784
2184	LABEL_0	HATE	0.3866955637931824
2185	LABEL_0	HATE	0.20435047149658203
2186	LABEL_0	HATE	0.26613879203796387
2187	LABEL_0	HATE	0.26940786838531494
2188	LABEL_1	HATE	0.49006134271621704
2189	LABEL_1	HATE	0.14580243825912476
2190	LABEL_0	HATE	0.48119431734085083
2191	LABEL_1	HATE	0.16023141145706177
2192	LABEL_1	HATE	0.12194705009460449
2193	LABEL_1	HATE	0.07996457815170288
2194	LABEL_1	HATE	0.06969153881072998
2195	LABEL_1	HATE	0.08074915409088135
2196	LABEL_0	HATE	0.03515225648880005
2197	LABEL_0	HATE	0.0020245909690856934
2198	LABEL_0	HATE	0.06484955549240112
2199	LABEL_1	HATE	0.291329026222229
2200	LABEL_0	HATE	0.09778952598571777
2201	LABEL_0	HATE	0.020663797855377197
2202	LABEL_0	HATE	0.03146541118621826
2203	LABEL_1	HATE	0.1308193802833557
2204	LABEL_1	HATE	0.020892202854156494
2205	LABEL_1	HATE	0.03706616163253784
2206	LABEL_1	HATE	0.10198956727981567
2207	LABEL_1	HATE	0.03049445152282715
2208	LABEL_1	HATE	0.013097405433654785
2209	LABEL_1	HATE	0.029676377773284912
2210	LABEL_1	HATE	0.07197976112365723
2211	LABEL_0	HATE	0.48177844285964966
2212	LABEL_1	HATE	0.27951085567474365
2213	LABEL_1	HATE	0.39606499671936035
2214	LABEL_1	HATE	0.29836946725845337
2215	LABEL_1	HATE	0.1774725317955017
2216	LABEL_0	HATE	0.4742918014526367
2217	LABEL_1	HATE	0.009110987186431885
2218	LABEL_1	HATE	0.002564370632171631
2219	LABEL_1	HATE	0.001208961009979248
2220	LABEL_1	HATE	0.0016698241233825684
2221	LABEL_1	HATE	0.0022852420806884766
2222	LABEL_1	HATE	0.0020256638526916504
2223	LABEL_1	HATE	0.002466559410095215
2224	LABEL_1	HATE	0.35633230209350586
2225	LABEL_1	HATE	0.11801028251647949
2226	LABEL_1	HATE	0.022123515605926514
2227	LABEL_1	HATE	0.2586890459060669
2228	LABEL_1	HATE	0.05650991201400757
2229	LABEL_1	HATE	0.015961408615112305
2230	LABEL_0	HATE	0.03382587432861328
2231	LABEL_0	HATE	0.23669111728668213
2232	LABEL_1	HATE	0.44349294900894165
2233	LABEL_0	HATE	0.31770437955856323
2234	LABEL_1	HATE	0.0542721152305603
2235	LABEL_1	HATE	0.011781871318817139
2236	LABEL_1	HATE	0.0024254918098449707
2237	LABEL_1	HATE	0.07331770658493042
2238	LABEL_1	HATE	0.023774147033691406
2239	LABEL_1	HATE	0.004497945308685303
2240	LABEL_1	HATE	0.003148019313812256
2241	LABEL_1	HATE	0.010547399520874023
2242	LABEL_1	HATE	0.008207917213439941
2243	LABEL_1	HATE	0.003445863723754883
2244	LABEL_1	HATE	0.0024483799934387207
2245	LABEL_1	HATE	0.21588653326034546
2246	LABEL_0	HATE	0.46731334924697876
2247	LABEL_1	HATE	0.22494202852249146
2248	LABEL_0	HATE	0.3518986105918884
2249	LABEL_0	HATE	0.003137350082397461
2250	LABEL_1	HATE	0.056195735931396484
2251	LABEL_1	HATE	0.07338160276412964
2252	LABEL_0	HATE	0.015147626399993896
2253	LABEL_1	HATE	0.03257948160171509
2254	LABEL_0	HATE	0.01859205961227417
2255	LABEL_0	HATE	0.35714828968048096
2256	LABEL_0	HATE	0.00328141450881958
2257	LABEL_0	HATE	0.014715373516082764
2258	LABEL_1	HATE	0.03456699848175049
2259	LABEL_0	HATE	0.016235649585723877
2260	LABEL_1	HATE	0.24891090393066406
2261	LABEL_0	HATE	0.2735043168067932
2262	LABEL_0	HATE	0.10204994678497314
2263	LABEL_1	HATE	0.2545320391654968
2264	LABEL_0	HATE	0.46833354234695435
2265	LABEL_1	HATE	0.2650313377380371
2266	LABEL_0	HATE	0.4295894503593445
2267	LABEL_0	HATE	0.20278823375701904
2268	LABEL_1	HATE	0.07800525426864624
2269	LABEL_1	HATE	0.19442683458328247
2270	LABEL_0	HATE	0.10662841796875
2271	LABEL_1	HATE	0.049006640911102295
2272	LABEL_1	HATE	0.32227766513824463
2273	LABEL_1	HATE	0.1306833028793335
2274	LABEL_0	HATE	0.3198356628417969
2275	LABEL_0	HATE	0.28864115476608276
2276	LABEL_1	HATE	0.02164280414581299
2277	LABEL_0	HATE	0.4613887667655945
2278	LABEL_1	HATE	0.043228745460510254
2279	LABEL_1	HATE	0.09559059143066406
2280	LABEL_1	HATE	0.2742116451263428
2281	LABEL_1	HATE	0.040102362632751465
2282	LABEL_1	HATE	0.02787303924560547
2283	LABEL_1	HATE	0.1942405104637146
2284	LABEL_0	HATE	0.4374545216560364
2285	LABEL_0	HATE	0.10609292984008789
2286	LABEL_1	HATE	0.037109375
2287	LABEL_1	HATE	0.1517859697341919
2288	LABEL_0	HATE	0.08661246299743652
2289	LABEL_1	HATE	0.23497778177261353
2290	LABEL_1	HATE	0.21420753002166748
2291	LABEL_1	HATE	0.0419234037399292
2292	LABEL_0	HATE	0.005377411842346191
2293	LABEL_0	HATE	0.25011909008026123
2294	LABEL_1	HATE	0.007462918758392334
2295	LABEL_0	HATE	0.08916807174682617
2296	LABEL_1	HATE	0.04579174518585205
2297	LABEL_1	HATE	0.20583409070968628
2298	LABEL_0	HATE	0.41918492317199707
2299	LABEL_0	HATE	0.3166615962982178
2300	LABEL_1	HATE	0.031947433948516846
2301	LABEL_1	HATE	0.35968345403671265
2302	LABEL_1	HATE	0.3655783534049988
2303	LABEL_1	HATE	0.03481358289718628
2304	LABEL_1	HATE	0.00351107120513916
2305	LABEL_1	HATE	0.06004077196121216
2306	LABEL_1	HATE	0.024565041065216064
2307	LABEL_1	HATE	0.0206109881401062
2308	LABEL_1	HATE	0.01517331600189209
2309	LABEL_1	HATE	0.009971678256988525
2310	LABEL_1	HATE	0.01628810167312622
2311	LABEL_1	HATE	0.004185855388641357
2312	LABEL_1	HATE	0.014032542705535889
2313	LABEL_0	HATE	0.009068965911865234
2314	LABEL_0	HATE	0.02934163808822632
2315	LABEL_0	HATE	0.013766884803771973
2316	LABEL_0	HATE	0.007732570171356201
2317	LABEL_0	HATE	0.05874603986740112
2318	LABEL_0	HATE	0.010380446910858154
2319	LABEL_0	HATE	0.09345871210098267
2320	LABEL_0	HATE	0.04384738206863403
2321	LABEL_0	HATE	0.04112619161605835
2322	LABEL_0	HATE	0.1777660846710205
2323	LABEL_0	HATE	0.05870842933654785
2324	LABEL_0	HATE	0.0334511399269104
2325	LABEL_0	HATE	0.04194629192352295
2326	LABEL_0	HATE	0.038114964962005615
2327	LABEL_0	HATE	0.3219951391220093
2328	LABEL_0	HATE	0.21545791625976562
2329	LABEL_0	HATE	0.44693756103515625
2330	LABEL_0	HATE	0.3456012010574341
2331	LABEL_0	HATE	0.24523311853408813
2332	LABEL_0	HATE	0.30661922693252563
2333	LABEL_0	HATE	0.2091469168663025
2334	LABEL_0	HATE	0.011306345462799072
2335	LABEL_0	HATE	0.17620038986206055
2336	LABEL_0	HATE	0.06406790018081665
2337	LABEL_0	HATE	0.008994340896606445
2338	LABEL_0	HATE	0.09842818975448608
2339	LABEL_1	HATE	0.3432387709617615
2340	LABEL_0	HATE	0.2470579743385315
2341	LABEL_0	HATE	0.29789310693740845
2342	LABEL_0	HATE	0.1855473518371582
2343	LABEL_0	HATE	0.393307089805603
2344	LABEL_0	HATE	0.18583613634109497
2345	LABEL_0	HATE	0.1558101773262024
2346	LABEL_0	HATE	0.25789016485214233
2347	LABEL_0	HATE	0.235612154006958
2348	LABEL_1	HATE	0.3373197913169861
2349	LABEL_1	HATE	0.2542426586151123
2350	LABEL_1	HATE	0.15914934873580933
2351	LABEL_1	HATE	0.09821277856826782
2352	LABEL_1	HATE	0.1230013370513916
2353	LABEL_1	HATE	0.16428834199905396
2354	LABEL_1	HATE	0.18330299854278564
2355	LABEL_0	HATE	0.20072335004806519
2356	LABEL_1	HATE	0.31916671991348267
2357	LABEL_0	HATE	0.411027193069458
2358	LABEL_0	HATE	0.20473045110702515
2359	LABEL_1	HATE	0.4867297410964966
2360	LABEL_1	HATE	0.4589911103248596
2361	LABEL_0	HATE	0.4351925849914551
2362	LABEL_1	HATE	0.4196111559867859
2363	LABEL_1	HATE	0.4804958701133728
2364	LABEL_1	HATE	0.36467480659484863
2365	LABEL_0	HATE	0.46462446451187134
2366	LABEL_0	HATE	0.39404600858688354
2367	LABEL_1	HATE	0.20199507474899292
2368	LABEL_1	HATE	0.33269786834716797
2369	LABEL_0	HATE	0.08321374654769897
2370	LABEL_0	HATE	0.09499764442443848
2371	LABEL_1	HATE	0.478440523147583
2372	LABEL_0	HATE	0.25066614151000977
2373	LABEL_0	HATE	0.1694650650024414
2374	LABEL_0	HATE	0.07517719268798828
2375	LABEL_0	HATE	0.043470561504364014
2376	LABEL_0	HATE	0.004905223846435547
2377	LABEL_0	HATE	0.0026459693908691406
2378	LABEL_0	HATE	0.004893064498901367
2379	LABEL_0	HATE	0.0019286274909973145
2380	LABEL_0	HATE	0.003621995449066162
2381	LABEL_0	HATE	0.0030354857444763184
2382	LABEL_0	HATE	0.030855536460876465
2383	LABEL_0	HATE	0.35979562997817993
2384	LABEL_1	HATE	0.10301131010055542
2385	LABEL_1	HATE	0.11941468715667725
2386	LABEL_1	HATE	0.1252046823501587
2387	LABEL_1	HATE	0.25926709175109863
2388	LABEL_1	HATE	0.2623692750930786
2389	LABEL_0	HATE	0.32557958364486694
2390	LABEL_0	HATE	0.014828383922576904
2391	LABEL_0	HATE	0.01322859525680542
2392	LABEL_0	HATE	0.022818565368652344
2393	LABEL_0	HATE	0.006999373435974121
2394	LABEL_0	HATE	0.01242363452911377
2395	LABEL_0	HATE	0.008412539958953857
2396	LABEL_0	HATE	0.019117534160614014
2397	LABEL_0	HATE	0.0116194486618042
2398	LABEL_0	HATE	0.05785834789276123
2399	LABEL_0	HATE	0.06224393844604492
2400	LABEL_0	HATE	0.041336655616760254
2401	LABEL_0	HATE	0.06879836320877075
2402	LABEL_0	HATE	0.08893710374832153
2403	LABEL_0	HATE	0.053082048892974854
2404	LABEL_1	HATE	0.10581773519515991
2405	LABEL_1	HATE	0.0958564281463623
2406	LABEL_1	HATE	0.008463501930236816
2407	LABEL_1	HATE	0.025693655014038086
2408	LABEL_1	HATE	0.1302207112312317
2409	LABEL_1	HATE	0.28772878646850586
2410	LABEL_1	HATE	0.3607904314994812
2411	LABEL_0	HATE	0.13938462734222412
2412	LABEL_0	HATE	0.06574565172195435
2413	LABEL_0	HATE	0.22988659143447876
2414	LABEL_0	HATE	0.2279312014579773
2415	LABEL_0	HATE	0.21960198879241943
2416	LABEL_0	HATE	0.17148691415786743
2417	LABEL_0	HATE	0.20634013414382935
2418	LABEL_0	HATE	0.32434797286987305
2419	LABEL_0	HATE	0.2135012149810791
2420	LABEL_0	HATE	0.15111762285232544
2421	LABEL_0	HATE	0.15608811378479004
2422	LABEL_0	HATE	0.20244276523590088
2423	LABEL_0	HATE	0.0838463306427002
2424	LABEL_0	HATE	0.21010202169418335
2425	LABEL_0	HATE	0.26604896783828735
2426	LABEL_0	HATE	0.36557167768478394
2427	LABEL_0	HATE	0.15143972635269165
2428	LABEL_0	HATE	0.27862221002578735
2429	LABEL_0	HATE	0.2264687418937683
2430	LABEL_0	HATE	0.14877742528915405
2431	LABEL_0	HATE	0.07449793815612793
2432	LABEL_0	HATE	0.1279810070991516
2433	LABEL_0	HATE	0.09350341558456421
2434	LABEL_0	HATE	0.15280276536941528
2435	LABEL_0	HATE	0.24686169624328613
2436	LABEL_0	HATE	0.11974579095840454
2437	LABEL_0	HATE	0.14389187097549438
2438	LABEL_0	HATE	0.1822482943534851
2439	LABEL_0	HATE	0.14987581968307495
2440	LABEL_0	HATE	0.14924412965774536
2441	LABEL_0	HATE	0.09710478782653809
2442	LABEL_0	HATE	0.08171820640563965
2443	LABEL_0	HATE	0.06437772512435913
2444	LABEL_0	HATE	0.1265277862548828
2445	LABEL_0	HATE	0.12997490167617798
2446	LABEL_0	HATE	0.13028228282928467
2447	LABEL_0	HATE	0.026966750621795654
2448	LABEL_0	HATE	0.02200847864151001
2449	LABEL_0	HATE	0.03395205736160278
2450	LABEL_0	HATE	0.013010084629058838
2451	LABEL_0	HATE	0.02502882480621338
2452	LABEL_0	HATE	0.055998802185058594
2453	LABEL_0	HATE	0.04198843240737915
2454	LABEL_0	HATE	0.01385509967803955
2455	LABEL_0	HATE	0.02055060863494873
2456	LABEL_0	HATE	0.03448677062988281
2457	LABEL_0	HATE	0.027043521404266357
2458	LABEL_0	HATE	0.017193198204040527
2459	LABEL_0	HATE	0.022702336311340332
2460	LABEL_0	HATE	0.019811630249023438
2461	LABEL_0	HATE	0.017441272735595703
2462	LABEL_0	HATE	0.021877408027648926
2463	LABEL_0	HATE	0.011059820652008057
2464	LABEL_0	HATE	0.02203923463821411
2465	LABEL_0	HATE	0.27734190225601196
2466	LABEL_1	HATE	0.12846815586090088
2467	LABEL_1	HATE	0.3155806064605713
2468	LABEL_1	HATE	0.28557634353637695
2469	LABEL_1	HATE	0.18873810768127441
2470	LABEL_1	HATE	0.08603745698928833
2471	LABEL_1	HATE	0.23561382293701172
2472	LABEL_0	HATE	0.16807353496551514
2473	LABEL_0	HATE	0.13493216037750244
2474	LABEL_0	HATE	0.1116260290145874
2475	LABEL_0	HATE	0.15682131052017212
2476	LABEL_0	HATE	0.16580194234848022
2477	LABEL_0	HATE	0.22849655151367188
2478	LABEL_0	HATE	0.19200944900512695
2479	LABEL_1	HATE	0.20794248580932617
2480	LABEL_0	HATE	0.4395592212677002
2481	LABEL_1	HATE	0.420204222202301
2482	LABEL_0	HATE	0.07810616493225098
2483	LABEL_1	HATE	0.13122332096099854
2484	LABEL_0	HATE	0.35426944494247437
2485	LABEL_1	HATE	0.1125367283821106
2486	LABEL_0	HATE	0.02236396074295044
2487	LABEL_0	HATE	0.012701630592346191
2488	LABEL_0	HATE	0.023864567279815674
2489	LABEL_0	HATE	0.015240132808685303
2490	LABEL_0	HATE	0.11210435628890991
2491	LABEL_0	HATE	0.0182303786277771
2492	LABEL_0	HATE	0.041040003299713135
2493	LABEL_0	HATE	0.01031428575515747
2494	LABEL_0	HATE	0.0008625984191894531
2495	LABEL_0	HATE	0.0068261027336120605
2496	LABEL_0	HATE	0.002299964427947998
2497	LABEL_0	HATE	0.006133854389190674
2498	LABEL_0	HATE	0.007879495620727539
2499	LABEL_0	HATE	0.004326045513153076
2500	LABEL_0	HATE	0.3147770166397095
2501	LABEL_0	HATE	0.22112822532653809
2502	LABEL_0	HATE	0.34373730421066284
2503	LABEL_0	HATE	0.381672203540802
2504	LABEL_0	HATE	0.05032557249069214
2505	LABEL_0	HATE	0.12423551082611084
2506	LABEL_0	HATE	0.3169843554496765
2507	LABEL_0	HATE	0.3889463543891907
2508	LABEL_0	HATE	0.12453752756118774
2509	LABEL_0	HATE	0.38685065507888794
2510	LABEL_1	HATE	0.41654253005981445
2511	LABEL_0	HATE	0.09558641910552979
2512	LABEL_0	HATE	0.478925883769989
2513	LABEL_0	HATE	0.23625296354293823
2514	LABEL_0	HATE	0.006350219249725342
2515	LABEL_0	HATE	0.0028617382049560547
2516	LABEL_0	HATE	0.034107089042663574
2517	LABEL_0	HATE	0.012022018432617188
2518	LABEL_0	HATE	0.009857714176177979
2519	LABEL_0	HATE	0.014623820781707764
2520	LABEL_0	HATE	0.14521783590316772
2521	LABEL_0	HATE	0.055195629596710205
2522	LABEL_0	HATE	0.0024431943893432617
2523	LABEL_0	HATE	0.013206064701080322
2524	LABEL_0	HATE	0.008322715759277344
2525	LABEL_0	HATE	0.013466835021972656
2526	LABEL_0	HATE	0.024291396141052246
2527	LABEL_0	HATE	0.03141683340072632
2528	LABEL_0	HATE	0.06654179096221924
2529	LABEL_0	HATE	0.1919075846672058
2530	LABEL_1	HATE	0.4901634454727173
2531	LABEL_0	HATE	0.42457062005996704
2532	LABEL_1	HATE	0.2452813982963562
2533	LABEL_1	HATE	0.414650022983551
2534	LABEL_1	HATE	0.4721987843513489
2535	LABEL_0	HATE	0.1180570125579834
2536	LABEL_0	HATE	0.12048500776290894
2537	LABEL_1	HATE	0.37695521116256714
2538	LABEL_0	HATE	0.10215568542480469
2539	LABEL_0	HATE	0.157062828540802
2540	LABEL_1	HATE	0.26729971170425415
2541	LABEL_0	HATE	0.2465357780456543
2542	LABEL_1	HATE	0.19972670078277588
2543	LABEL_1	HATE	0.1349138617515564
2544	LABEL_1	HATE	0.07786577939987183
2545	LABEL_1	HATE	0.09513658285140991
2546	LABEL_1	HATE	0.19463634490966797
2547	LABEL_1	HATE	0.1350892186164856
2548	LABEL_1	HATE	0.17477262020111084
2549	LABEL_1	HATE	0.17008811235427856
2550	LABEL_1	HATE	0.31806129217147827
2551	LABEL_1	HATE	0.04631096124649048
2552	LABEL_1	HATE	0.10431647300720215
2553	LABEL_1	HATE	0.1967652440071106
2554	LABEL_0	HATE	0.49146318435668945
2555	LABEL_1	HATE	0.2859063148498535
2556	LABEL_1	HATE	0.4553712010383606
2557	LABEL_0	HATE	0.28708916902542114
2558	LABEL_1	HATE	0.11089915037155151
2559	LABEL_1	HATE	0.40241891145706177
